id,name,amenity,lon,lat,fog_pct_4pm,fog_pct_12pm,fog_pct_10am
node/2724725641,The PUB@SFSU,bar,-122.4788561,37.7221622,0.61,0.73,0.81
node/4214319494,Flanahan's Pub,pub,-122.504526,37.7528613,0.6,0.73,0.83
node/13739098894,Two Pitchers Brewing Company,pub,-122.5048416,37.7528475,0.6,0.73,0.83
way/276641699,Durty Nelly's,pub,-122.4830368,37.7634848,0.59,0.7,0.81
way/287720563,The Riptide,bar,-122.5053439,37.7415771,0.58,0.75,0.78
node/718375673,After Hours SF,pub,-122.4989551,37.7421604,0.58,0.73,0.78
node/960935983,Pittsburgh's Pub,pub,-122.5071774,37.7602405,0.58,0.73,0.81
node/5876905615,Woods Outbound,bar,-122.5055935,37.7603154,0.58,0.73,0.81
node/6874561750,White Cap,bar,-122.5048589,37.7418792,0.58,0.75,0.78
node/12676663498,Woods Outbound,pub,-122.5055953,37.7603112,0.58,0.73,0.81
way/287411301,Hockey Haven,bar,-122.4977993,37.775504,0.56,0.71,0.8
way/288538918,Lost & Found,bar,-122.481746,37.742562,0.56,0.71,0.81
node/3562957694,Dragon Lounge,bar,-122.4809329,37.742708,0.56,0.71,0.81
node/3622464002,Philosophers Club,bar,-122.4654436,37.7408294,0.56,0.68,0.79
node/3868132257,Unwine'd,bar,-122.4657844,37.7406397,0.56,0.68,0.79
node/4069462418,Shannon Arms,pub,-122.4760224,37.7429041,0.56,0.71,0.83
node/4199804593,Tiki Haven,bar,-122.4781838,37.754295,0.56,0.7,0.8
node/6502703601,Boomerang,bar,-122.4791847,37.7542699,0.56,0.7,0.8
node/6744788662,Lincoln Park Bar & Grill,bar,-122.4943464,37.7823521,0.56,0.71,0.8
node/632817679,Binu Bonu,bar,-122.4685481,37.7386468,0.55,0.71,0.8
node/632825392,The Dubliner,pub,-122.4696762,37.7377005,0.55,0.71,0.8
node/3540161001,The Sherwood Cocktails and Lounge,bar,-122.4676699,37.7389501,0.55,0.71,0.8
node/3540255593,McCarthy‘s Irish Bar,bar,-122.466539,37.740405,0.55,0.71,0.8
node/3545345699,Miraloma Club,bar,-122.4536779,37.7438818,0.55,0.65,0.74
node/1211157016,Casa Barajas / Chug Pub,pub,-122.4781609,37.7652442,0.54,0.69,0.81
node/4017234499,Silver Spur,bar,-122.4785512,37.7636372,0.54,0.69,0.81
node/1618687933,Trad'r Sam,bar,-122.485657,37.7802406,0.53,0.69,0.81
node/4331553009,Ocean Ale House,bar,-122.45677,37.7241672,0.53,0.64,0.77
node/6486930284,The Blarney Stone,bar,-122.4799505,37.7801295,0.53,0.69,0.81
node/2655525665,Goemon Izakaya,bar,-122.4929563,37.7815231,0.52,0.69,0.81
node/4071080789,The Sage & Drifter,bar,-122.4726646,37.7639038,0.52,0.67,0.8
node/4199813991,oneup bar,bar,-122.4770736,37.7543453,0.52,0.68,0.78
node/7876524201,Friend's Bar,bar,-122.4479698,37.7318373,0.52,0.62,0.73
node/9416928749,The Nag's Head,pub,-122.477013,37.7806294,0.51,0.68,0.8
way/148174267,The Temple Bar,pub,-122.4670543,37.764223,0.49,0.61,0.77
way/267055246,Maggie & Mac's,pub,-122.4660662,37.7635041,0.49,0.61,0.77
node/3634308480,Yancy's Saloon,bar,-122.4658639,37.7641987,0.49,0.61,0.77
node/3658310528,Mucky Duck,bar,-122.4664518,37.7637154,0.49,0.61,0.77
node/3667700926,Foghorn Taproom,bar,-122.4637059,37.7642843,0.49,0.61,0.77
node/3667880931,Fireside Bar,bar,-122.4643912,37.7639974,0.49,0.61,0.77
node/3674255693,The Little Shamrock,pub,-122.4667058,37.7657847,0.49,0.61,0.77
node/4814206526,Richmond Republic Draught House,bar,-122.4662352,37.7830174,0.49,0.65,0.78
node/6831790664,Would You Believe? Cocktails,bar,-122.4695178,37.7809733,0.49,0.65,0.78
node/6831790677,The Hearth,bar,-122.4697821,37.780611,0.49,0.65,0.78
node/11342634169,Lost Marbles,bar,-122.4680842,37.7826521,0.49,0.65,0.78
node/13019496826,The Red Tail,bar,-122.4638179,37.7640194,0.49,0.61,0.77
node/1229920524,The Connection,bar,-122.4498831,37.7099557,0.47,0.56,0.73
node/610183472,Buckshot,pub,-122.4607762,37.7813625,0.46,0.59,0.75
node/1819811597,Scarlet Lounge,bar,-122.4638239,37.7831179,0.46,0.59,0.75
node/1819811599,The Bitter End,pub,-122.4640435,37.7828409,0.46,0.59,0.75
node/1940405912,Ireland's 32,pub,-122.4614374,37.7813471,0.46,0.59,0.75
node/4161865223,540 Club,bar,-122.4651657,37.7830596,0.46,0.59,0.75
node/4513023134,Neck of the Woods,bar,-122.4637116,37.7831255,0.46,0.59,0.75
node/5840675540,The Plough and the Stars,pub,-122.4605138,37.7832553,0.46,0.59,0.75
node/6515692972,Happy Lounge,bar,-122.4597222,37.7810461,0.46,0.59,0.75
node/6791676291,High Treason,bar,-122.4641076,37.7828417,0.46,0.59,0.75
node/6836067589,O'Keeffe's,bar,-122.462826,37.7773986,0.46,0.59,0.75
node/6839009628,Overtime,bar,-122.4638605,37.7812248,0.46,0.59,0.75
node/11050075244,Fizzees,pub,-122.4620298,37.7813147,0.46,0.59,0.75
node/61676294,The Green Heron,bar,-122.4487116,37.7696815,0.42,0.53,0.7
node/61677421,The Gold Cane,pub,-122.4480112,37.7697699,0.42,0.53,0.7
node/61678786,Aub Zam Zam,pub,-122.4493023,37.7696002,0.42,0.53,0.7
way/223616923,The Alembic,bar,-122.4511302,37.769271,0.42,0.53,0.7
way/228247742,O'Reillys Pub,pub,-122.4526159,37.7695111,0.42,0.53,0.7
way/264371921,The Mad Dog in the Fog,pub,-122.4481316,37.7701402,0.42,0.53,0.7
way/376761568,The Kezar Pub,pub,-122.4529646,37.7678819,0.42,0.53,0.7
node/2287521548,Murio's Trophy Room,bar,-122.4522109,37.7692181,0.42,0.53,0.7
node/3790822673,Finnegans Wake,pub,-122.4500311,37.7653081,0.42,0.53,0.7
node/2054109906,Pissed Off Pete's,bar,-122.4343609,37.7255163,0.4,0.51,0.73
node/3376884814,Geneva Pub,bar,-122.4364796,37.7141742,0.4,0.49,0.72
node/4284609497,Glen Park Station,bar,-122.4341305,37.7341553,0.4,0.51,0.73
node/5880291830,The Halfway Club,bar,-122.436924,37.7143665,0.4,0.49,0.72
node/2054109855,Rocks Den,bar,-122.4327193,37.7272028,0.37,0.48,0.69
node/1982439159,The Pig & Whistle,pub,-122.4491653,37.782045,0.36,0.5,0.68
node/2287535863,Bistro Gambrinus,pub,-122.446947,37.7756308,0.36,0.5,0.68
node/4550110115,Family,bar,-122.4492858,37.7820272,0.36,0.5,0.68
node/6440030071,The Laughing Monk,pub,-122.4460528,37.77574,0.36,0.5,0.68
node/13613318657,Scarlet Fox Wine Bar,bar,-122.4441734,37.7742877,0.36,0.5,0.68
node/984659529,St. Francis Yacht Club,bar,-122.446947,37.8072388,0.34,0.52,0.69
way/262397366,Liverpool Lil's,pub,-122.4470322,37.7982045,0.32,0.51,0.68
node/5796524756,Final final,bar,-122.44584,37.7985479,0.32,0.51,0.68
node/61677300,Magnolia SF,pub,-122.4451944,37.7703394,0.31,0.5,0.64
node/61678646,Mary's,pub,-122.4460642,37.7700421,0.31,0.5,0.64
node/3275185914,Sunshine Coast: Hookah Fusion Bar,bar,-122.443983,37.7704969,0.31,0.5,0.64
node/984659510,Golden Gate Yacht Club,bar,-122.4426038,37.8077247,0.3,0.48,0.65
node/3379996811,Campus - San Francisco,bar,-122.4402624,37.8002095,0.3,0.48,0.65
node/4548821898,delarosa,bar,-122.4390753,37.8003603,0.3,0.48,0.65
node/4613841150,,bar,-122.4413801,37.8002782,0.3,0.48,0.65
node/1784908622,Fly Bar & Restaurant,bar,-122.4379485,37.7767623,0.29,0.45,0.65
node/4020353440,Fool's Errand,bar,-122.4380591,37.7755565,0.29,0.45,0.65
node/4548639068,Bar 821,bar,-122.4384162,37.7771532,0.29,0.45,0.65
node/4550076307,mini bar,bar,-122.4384608,37.7773892,0.29,0.45,0.65
node/4558023340,TimeOut Tavern,bar,-122.4398627,37.7860803,0.29,0.45,0.65
node/4839249789,Madrone Art Bar,bar,-122.4374971,37.7741994,0.29,0.45,0.65
way/272647185,Marina Lounge,bar,-122.4386959,37.8007274,0.28,0.45,0.64
way/273520672,Tip Top,bar,-122.424556,37.7364012,0.28,0.43,0.67
node/2054130299,St. Mary's Pub,pub,-122.4245037,37.7354739,0.28,0.43,0.67
node/3379321525,Nectar Wine Lounge,bar,-122.437654,37.8001664,0.28,0.45,0.64
node/3577376253,The Bar on Dolores,bar,-122.4246216,37.7437445,0.28,0.43,0.67
node/3960697185,Stock in Trade,bar,-122.4356751,37.8000847,0.28,0.45,0.64
node/4010401866,The Interval,bar,-122.4321258,37.8067715,0.28,0.45,0.64
node/9341171152,California Wine Merchant,bar,-122.4382664,37.8004562,0.28,0.45,0.64
node/10303811690,The Horseshoe,bar,-122.4369311,37.8008439,0.28,0.45,0.64
node/13941683512,Canchola's Bar,bar,-122.4242302,37.7362958,0.28,0.43,0.67
way/263264445,The Brick Yard,bar,-122.4286121,37.7977877,0.26,0.45,0.64
node/3799946959,The Brixton,bar,-122.4345787,37.7973068,0.26,0.45,0.64
node/4482434591,Bus Stop,bar,-122.4307094,37.7976041,0.26,0.45,0.64
node/4615928118,Palmer's,bar,-122.4340533,37.7906111,0.26,0.45,0.64
node/4987099522,Bar None,bar,-122.4319104,37.797663,0.26,0.45,0.64
node/9254580053,Harry's Bar,bar,-122.4335814,37.7883367,0.26,0.45,0.64
node/11436034122,Left Door,bar,-122.4307445,37.7975942,0.26,0.45,0.64
node/412087372,Tonic,pub,-122.4221753,37.7986951,0.25,0.44,0.61
node/412089163,The Royal Oak,pub,-122.4221958,37.7970245,0.25,0.44,0.61
node/412103360,Shanghai Kelly's,pub,-122.4216053,37.7958344,0.25,0.44,0.61
node/412109202,Harper & Rye,pub,-122.421214,37.7922403,0.25,0.44,0.61
node/819444936,Lush Lounge,pub,-122.420349,37.7881395,0.25,0.44,0.61
node/819444949,McTeague's Saloon,pub,-122.4203937,37.788382,0.25,0.44,0.61
node/825915019,El Lopo,bar,-122.4205448,37.7890756,0.25,0.44,0.61
node/2167447455,Bullitt,bar,-122.4221642,37.7970951,0.25,0.44,0.61
node/2340019960,Cellar Door,pub,-122.435945,37.79842,0.25,0.46,0.65
node/2698395558,Hi-Lo Club,bar,-122.4206855,37.7899499,0.25,0.44,0.61
node/2750810774,Mauna Loa Cocktails,bar,-122.4356968,37.7973699,0.25,0.46,0.65
node/2963068433,The Buccaneer,pub,-122.422051,37.7966476,0.25,0.44,0.61
node/3018753922,Amélie,bar,-122.421082,37.7931005,0.25,0.44,0.61
node/3455071284,Woods Polk Station,pub,-122.4222726,37.7976947,0.25,0.44,0.61
node/3611822692,Route 101,bar,-122.421632,37.7881229,0.25,0.44,0.61
node/4024246508,The Cinch Saloon,bar,-122.4212524,37.7927364,0.25,0.44,0.61
node/4086989798,Cresta's,pub,-122.4221708,37.7971395,0.25,0.44,0.61
node/4613888431,Black Magic Voodoo Lounge,bar,-122.4248369,37.8014288,0.25,0.42,0.64
node/4631842574,Green Sports Bar,bar,-122.4222394,37.7975872,0.25,0.44,0.61
node/4927522422,Bell Tower,bar,-122.4212799,37.7943038,0.25,0.44,0.61
node/6210959985,Kozy Kar,bar,-122.4207198,37.791365,0.25,0.44,0.61
node/10128454136,Ora Wine Bar,bar,-122.4209223,37.7909836,0.25,0.44,0.61
node/12247275391,The Comet Club,bar,-122.4358728,37.7982107,0.25,0.46,0.65
way/271460262,Tikal Bar,bar,-122.4222635,37.7415466,0.23,0.41,0.65
way/272564476,Lucky Horseshoe,bar,-122.4167805,37.7392653,0.23,0.41,0.65
node/388205890,Buena Vista,pub,-122.4207744,37.8065169,0.23,0.44,0.61
node/1914749996,Holy Water,bar,-122.4182852,37.7393085,0.23,0.41,0.65
node/2317662705,El Rio,bar,-122.4193292,37.7467497,0.23,0.41,0.65
node/2627676156,Royal Cuckoo,bar,-122.4202055,37.7453905,0.23,0.41,0.65
node/3214153061,Wild Side West,bar,-122.4171535,37.7390299,0.23,0.41,0.65
node/3441484302,Rock Bar,bar,-122.4220729,37.7440923,0.23,0.41,0.65
node/4114603089,Mothership,bar,-122.4192506,37.7468805,0.23,0.41,0.65
node/4139840856,Fat Cat x The Mantis,bar,-122.4199359,37.7452716,0.23,0.41,0.65
node/4139840857,The Knockout,bar,-122.4199903,37.7451841,0.23,0.41,0.65
node/9507011270,San Francisco Brewing Co.,pub,-122.4232131,37.80564,0.23,0.44,0.61
node/9877596391,Winery Collective,bar,-122.4203304,37.8075245,0.23,0.44,0.61
node/13715184385,Cellarmaker,pub,-122.4196363,37.7457503,0.23,0.41,0.65
node/1616322287,Club Mari's / Mogura,bar,-122.4321864,37.7851137,0.22,0.41,0.6
node/6314144277,Fillmore Billiards,pub,-122.4326455,37.7837256,0.22,0.41,0.6
node/9200292442,Festa Wine & Cocktail Lounge,bar,-122.4316091,37.7851784,0.22,0.41,0.6
node/9845699052,The Social Study,bar,-122.4325036,37.7841757,0.22,0.41,0.6
node/731989581,The Outsider,pub,-122.4179928,37.78623,0.21,0.33,0.58
node/731989588,Ha-Ra,pub,-122.4176448,37.7860732,0.21,0.33,0.58
node/732005635,Hanaro,pub,-122.4189262,37.7859078,0.21,0.33,0.58
node/1493456455,The Function,bar,-122.4181966,37.7762746,0.21,0.33,0.58
node/2259028667,Shovels Bar,pub,-122.4172138,37.7822886,0.21,0.33,0.58
node/4004977098,Sugar Lounge,bar,-122.4225489,37.7768319,0.21,0.33,0.58
node/4022691832,Jackalope,bar,-122.4197889,37.7869651,0.21,0.33,0.58
node/5596090221,Whitechapel,bar,-122.4188956,37.7822987,0.21,0.33,0.58
node/7044799092,Mr. Tipple's Recording Studio,bar,-122.418569,37.7763736,0.21,0.33,0.58
node/9861755702,Young's Kung Fu Action Theatre & Laundry,bar,-122.4181987,37.7858747,0.21,0.33,0.58
node/10012048156,Secret Bar & Lounge,bar,-122.4191125,37.7833726,0.21,0.33,0.58
node/10013767308,uccello Lounge,bar,-122.4195624,37.7777196,0.21,0.33,0.58
node/10309959742,B-Side,bar,-122.4216327,37.7762192,0.21,0.33,0.58
node/10575981868,Club Kristi,bar,-122.4175548,37.7853308,0.21,0.33,0.58
node/11232217086,Emperor Norton's Boozeland,bar,-122.4172601,37.7826643,0.21,0.33,0.58
node/12408404346,Linden Room,bar,-122.4227507,37.776529,0.21,0.33,0.58
node/61673273,Danny Coyle's,pub,-122.4332636,37.7718647,0.2,0.39,0.56
node/61674029,The Page,pub,-122.4370577,37.7721197,0.2,0.39,0.56
node/1295101185,Smuggler's Cove,bar,-122.423343,37.7793996,0.2,0.39,0.58
node/1493721688,Lookout,bar,-122.4333114,37.7643689,0.2,0.39,0.56
node/1616322282,Dimples,bar,-122.4302408,37.7856379,0.2,0.39,0.58
node/2318141894,QBar,bar,-122.4352611,37.7616024,0.2,0.39,0.56
node/2318141907,Twin Peaks Tavern,bar,-122.434998,37.7624007,0.2,0.39,0.56
node/2318141915,Blush! Wine Bar,bar,-122.4352312,37.7612906,0.2,0.39,0.56
node/2318159223,Copper,bar,-122.434589,37.7610207,0.2,0.39,0.56
node/2318796883,The Edge,bar,-122.4359987,37.7607436,0.2,0.39,0.56
node/2321383079,Toad Hall,bar,-122.4358979,37.7609305,0.2,0.39,0.56
node/2624201230,The Mix,bar,-122.434509,37.7610642,0.2,0.39,0.56
node/3388665493,Gambit Lounge,bar,-122.42589,37.77638,0.2,0.39,0.58
node/3458525149,Brass Tacks,bar,-122.4243782,37.7768231,0.2,0.39,0.58
node/3684500782,Moby Dick,bar,-122.4337728,37.7608676,0.2,0.39,0.56
node/3873879798,Afterwork Bar,pub,-122.4231714,37.7770322,0.2,0.39,0.58
node/4030526218,Stoa Bar,pub,-122.433863,37.7715719,0.2,0.39,0.56
node/4081556948,Birba,bar,-122.4241711,37.7777921,0.2,0.39,0.58
node/7127196316,Midnight Sun,bar,-122.43432,37.7608265,0.2,0.39,0.56
node/9579873173,Pagoda,bar,-122.4299995,37.7857142,0.2,0.39,0.58
node/9581952684,Fermentation Lab,bar,-122.4300336,37.7857024,0.2,0.39,0.58
node/9655241060,Anina,bar,-122.424297,37.7768284,0.2,0.39,0.58
node/10312292563,Nari,bar,-122.4286408,37.7855979,0.2,0.39,0.58
node/13991331474,The Café,bar,-122.434327,37.7630042,0.2,0.39,0.56
way/182809251,Brick & Beam,bar,-122.4163693,37.806077,0.19,0.4,0.56
node/371251931,Kennedy's Irish Pub & Curry House,pub,-122.4153272,37.8041003,0.19,0.4,0.56
node/381972334,Aces,pub,-122.416671,37.7883091,0.19,0.39,0.59
node/1581862143,The Hyde Out,pub,-122.4172479,37.7908937,0.19,0.39,0.59
node/1615157230,Wreck Room,bar,-122.4171865,37.7911616,0.19,0.39,0.59
node/1777418695,International Sports Club,bar,-122.4151415,37.8038977,0.19,0.4,0.56
node/3808454918,ZHUZH,bar,-122.4198906,37.7908156,0.19,0.39,0.59
node/3969606065,Cafe Muse,bar,-122.4184582,37.7955278,0.19,0.39,0.59
node/4299448689,The Royale,bar,-122.415188,37.7875509,0.19,0.39,0.59
node/6450218486,Liquid Gold,bar,-122.417187,37.7905812,0.19,0.39,0.59
node/9039255113,Bodega Wine Bar,bar,-122.411387,37.8012883,0.19,0.4,0.56
node/9046364948,La Rocca's Corner,bar,-122.4146113,37.8032002,0.19,0.4,0.56
node/9181815639,Propagation,bar,-122.4164929,37.7871545,0.19,0.39,0.59
node/9354806822,upcider,pub,-122.4199677,37.7876712,0.19,0.39,0.59
node/9354883874,R Bar,bar,-122.4198211,37.7879068,0.19,0.39,0.59
node/9401048618,Zeki's Bar,bar,-122.4161898,37.7910182,0.19,0.39,0.59
node/9602333340,Members Only,bar,-122.4181867,37.7871752,0.19,0.39,0.59
node/11423890573,The Socialite,bar,-122.4135411,37.8083677,0.19,0.4,0.56
node/12550746944,,bar,-122.4139934,37.8083416,0.19,0.4,0.56
way/29100414,Northstar Cafe,pub,-122.4104205,37.7992192,0.18,0.35,0.6
way/35537202,Vesuvio,pub,-122.406442,37.7974913,0.18,0.35,0.6
node/61670779,Woods Lowside,pub,-122.4310153,37.7721448,0.18,0.34,0.56
node/61671096,Toronado,pub,-122.4312219,37.77191,0.18,0.34,0.56
node/61671382,Molotov's,pub,-122.4317624,37.7720543,0.18,0.34,0.56
node/61672275,Noc Noc,pub,-122.4314192,37.7718891,0.18,0.34,0.56
way/71515257,Peacekeeper,bar,-122.4125338,37.7895001,0.18,0.35,0.6
way/121024973,Cafe du Nord,pub,-122.4305217,37.7667003,0.18,0.34,0.56
way/256710553,Blackbird,pub,-122.4296872,37.7673412,0.18,0.34,0.56
node/366722014,Grant and Green,pub,-122.4074738,37.7995962,0.18,0.35,0.6
node/366723406,The Boardroom,pub,-122.4105373,37.7994533,0.18,0.35,0.6
node/371025500,Tunnel Top,pub,-122.4072909,37.7902413,0.18,0.35,0.6
node/440106745,Columbus Cafe,bar,-122.4084174,37.7997072,0.18,0.35,0.6
node/621793529,Owl Tree,bar,-122.4118412,37.7877507,0.18,0.35,0.6
node/621818366,Level III,bar,-122.4103007,37.7881935,0.18,0.35,0.6
node/621818383,Lost Cat,bar,-122.4113142,37.7878201,0.18,0.35,0.6
node/1083221110,Red Jack Saloon,bar,-122.409847,37.8059987,0.18,0.4,0.57
node/1417639584,Top of the Mark,bar,-122.4104078,37.7916237,0.18,0.35,0.6
node/1485992620,Chelsea Place,pub,-122.4079122,37.7901588,0.18,0.35,0.6
node/1607230272,The Saloon,bar,-122.4070947,37.7985549,0.18,0.35,0.6
node/1680714458,Otherwise Brewing,pub,-122.4073409,37.7998739,0.18,0.35,0.6
node/1713269598,The Dubliner,pub,-122.4283147,37.7517359,0.18,0.42,0.6
node/1713269625,The Valley Tavern,pub,-122.4331353,37.7514698,0.18,0.42,0.6
node/1713269638,The Peaks,pub,-122.4342405,37.7509873,0.18,0.42,0.6
node/2069104070,The Liberties,bar,-122.4233571,37.7552542,0.18,0.38,0.6
node/2071647991,Tonga Room & Hurricane Bar,bar,-122.410008,37.792141,0.18,0.35,0.6
node/2249505473,The Summer Place,bar,-122.4105921,37.7898391,0.18,0.35,0.6
node/2250378561,Tope,bar,-122.4073582,37.8001651,0.18,0.4,0.57
node/2624201223,Hi Tops,pub,-122.4318228,37.7649986,0.18,0.34,0.56
node/2624201225,Bar 49,bar,-122.432524,37.7644304,0.18,0.34,0.56
node/2629113680,Cervecería de MateVeza,bar,-122.4285438,37.761163,0.18,0.34,0.56
node/3393396123,Last Drop Tavern,pub,-122.4086344,37.7899317,0.18,0.35,0.6
node/3637499305,Golden Gate Tap Room,pub,-122.408703,37.78893,0.18,0.35,0.6
node/3663976016,Lone Palm,bar,-122.4229151,37.7552947,0.18,0.38,0.6
node/3702219079,Tony Nik's Cafe,bar,-122.408984,37.8000247,0.18,0.35,0.6
node/3853311617,Last Rites,bar,-122.429452,37.7678129,0.18,0.34,0.56
node/3931497663,Key Klub,bar,-122.4113323,37.7899577,0.18,0.35,0.6
node/3975094188,HolyCraft Brewery,bar,-122.4099995,37.7973254,0.18,0.35,0.6
node/3984165039,Vieni Vieni,bar,-122.4090381,37.7989822,0.18,0.35,0.6
node/4039511536,Buddha,bar,-122.4065929,37.7952077,0.18,0.35,0.6
node/4055481596,Red's Place,bar,-122.4064364,37.7961449,0.18,0.35,0.6
node/4106923141,Bow Bow Cocktails,bar,-122.4070757,37.7975853,0.18,0.35,0.6
node/4108029915,Li Po Cocktail Lounge,bar,-122.4064547,37.7954225,0.18,0.35,0.6
node/4259746694,The Blue Room,bar,-122.4118742,37.7896538,0.18,0.35,0.6
node/4453775089,Boardroom,bar,-122.4086539,37.7988897,0.18,0.35,0.6
node/4533347390,Pacific Cocktail Haven,bar,-122.4095272,37.7893351,0.18,0.35,0.6
node/4614040398,Chief Sullivan's,pub,-122.4097428,37.7995354,0.18,0.35,0.6
node/4614040547,Gino and Carlo,pub,-122.4081417,37.799719,0.18,0.35,0.6
node/4614040551,Convivium Enoteca,bar,-122.4077954,37.7997661,0.18,0.35,0.6
node/4616010834,Duster's,pub,-122.4075152,37.7986289,0.18,0.35,0.6
node/4625320600,Noren Izakaya,pub,-122.4110142,37.800358,0.18,0.35,0.6
node/4628492031,Obscenity Bar & Lounge,bar,-122.4097357,37.789209,0.18,0.35,0.6
node/4972855035,Vinorosso Enoteca,bar,-122.4153708,37.7390486,0.18,0.39,0.64
node/5352315989,Churchill,pub,-122.4291843,37.7678473,0.18,0.34,0.56
node/6679598285,Maggie McGarrys,bar,-122.4074577,37.7994205,0.18,0.35,0.6
node/9023334561,Luau Lounge Tiki Bar,bar,-122.4103446,37.8112453,0.18,0.4,0.57
node/9181748926,Stookey's Club Moderne,bar,-122.4119492,37.7896441,0.18,0.35,0.6
node/9194418323,Sutter Pub & Restaurant,pub,-122.4120659,37.7889112,0.18,0.35,0.6
node/9322450623,Clock Bar,bar,-122.4087185,37.787738,0.18,0.35,0.6
node/9328656115,Persona,bar,-122.4115659,37.7887317,0.18,0.35,0.6
node/9403976636,The Beehive,bar,-122.4215245,37.7594191,0.18,0.38,0.6
node/9536469191,Savoy Tivoli,bar,-122.4074183,37.8002745,0.18,0.4,0.57
node/9958548306,Millay,bar,-122.4282827,37.7676721,0.18,0.34,0.56
node/10000755452,ENO Wine Bar,bar,-122.4087576,37.7879166,0.18,0.35,0.6
node/10043936904,Cold Drinks Bar,bar,-122.407759,37.7978985,0.18,0.35,0.6
node/10095744878,Moongate Lounge,bar,-122.4065757,37.7936719,0.18,0.35,0.6
node/12900325202,Rikki's,bar,-122.431471,37.7652703,0.18,0.34,0.56
node/13168483731,OneUP Lounge,bar,-122.4072866,37.7892704,0.18,0.35,0.6
node/13990909501,Kissakeko,bar,-122.4115205,37.795748,0.18,0.35,0.6
way/71209436,Pasha,bar,-122.4143462,37.7863892,0.16,0.31,0.57
way/260152109,Teeth,bar,-122.4189763,37.759867,0.16,0.35,0.59
node/281652933,Shotwell's,pub,-122.4156655,37.7587423,0.16,0.35,0.59
node/370196794,Custom Lounge,pub,-122.409904,37.7786408,0.16,0.31,0.57
node/418540495,Swig,bar,-122.4125033,37.7867153,0.16,0.31,0.57
node/529777817,Bourbon and Branch,bar,-122.4131628,37.785912,0.16,0.31,0.57
node/582779493,Clooney's Pub,bar,-122.4203499,37.7504256,0.16,0.35,0.59
node/582781745,Dovre Club,bar,-122.4205203,37.7489951,0.16,0.35,0.59
node/725066841,Rye,bar,-122.4145242,37.7866698,0.16,0.31,0.57
node/725096448,Bottle Club Pub,pub,-122.4124048,37.7867295,0.16,0.31,0.57
node/725096449,The Mortimer,bar,-122.4124456,37.7869597,0.16,0.31,0.57
node/731946793,Geary Club,pub,-122.4159328,37.7865056,0.16,0.31,0.57
node/774058148,Mission Bar,pub,-122.4184414,37.7540276,0.16,0.35,0.59
node/808930684,Jasper's,bar,-122.4115193,37.786117,0.16,0.31,0.57
way/939437493,Omg Club,bar,-122.4093293,37.7817642,0.16,0.31,0.57
node/983388331,AJ's Bar,bar,-122.4157435,37.7781961,0.16,0.31,0.57
node/1626468365,620 Jones,bar,-122.4128807,37.7870952,0.16,0.31,0.57
node/1649867191,Wildhawk,bar,-122.4207752,37.7602548,0.16,0.35,0.59
node/1839527429,Make Out Room,bar,-122.419366,37.7553007,0.16,0.35,0.59
node/1844653896,Zombie Village,bar,-122.413076,37.785513,0.16,0.31,0.57
node/1880217201,Azucar Lounge,pub,-122.411637,37.7739747,0.16,0.31,0.57
node/2131702647,Homestead,bar,-122.4146785,37.7604101,0.16,0.35,0.59
node/2253031247,Cinnabar,bar,-122.4126504,37.7847871,0.16,0.31,0.57
node/2337741914,Raven Bar,bar,-122.4088971,37.7757691,0.16,0.31,0.57
node/2343615613,Union Square Sports Bar,bar,-122.409519,37.7846208,0.16,0.31,0.57
node/2538427496,Bender's Bar and Grill,pub,-122.4171637,37.7602344,0.16,0.35,0.59
node/2879135417,The Phone Booth,bar,-122.4162912,37.7508668,0.16,0.35,0.59
node/2879135420,Pandora Karaoke Bar,bar,-122.4105077,37.7841206,0.16,0.31,0.57
node/3675574681,The Nite Cap,bar,-122.4161155,37.7853121,0.16,0.31,0.57
node/4261666983,Beauty Bar,bar,-122.4190503,37.7603764,0.16,0.35,0.59
node/4312016590,The Rumpus Room,bar,-122.4100401,37.7818459,0.16,0.31,0.57
node/4467802664,Balancoire,bar,-122.4184756,37.7561254,0.16,0.35,0.59
node/4548821700,Doc's Clock,bar,-122.4188042,37.7583654,0.16,0.35,0.59
node/4548821706,El Farolito Bar,bar,-122.4183324,37.7526946,0.16,0.35,0.59
node/4631708918,Jonell's,bar,-122.4129205,37.7847489,0.16,0.31,0.57
node/4934823007,The Napper Tandy,pub,-122.4164736,37.7524748,0.16,0.35,0.59
node/4937360419,El Trebol,bar,-122.4175471,37.7554153,0.16,0.35,0.59
node/4937368172,Evil Eye,bar,-122.4180938,37.7500359,0.16,0.35,0.59
node/6371909286,Black cat,bar,-122.4144505,37.7839108,0.16,0.31,0.57
node/6371947786,Charmaine's rooftop bar,bar,-122.4122888,37.780993,0.16,0.31,0.57
node/6426948685,20 Spot,bar,-122.4204199,37.7584304,0.16,0.35,0.59
node/9322450624,Cityscape Lounge,bar,-122.4109326,37.7853003,0.16,0.31,0.57
node/9593474639,The Library,bar,-122.4132729,37.7858838,0.16,0.31,0.57
node/9647295026,Fermentation Lab,pub,-122.4155015,37.7783946,0.16,0.31,0.57
node/9659740450,The European,bar,-122.4114078,37.7870831,0.16,0.31,0.57
node/9659806929,Resolute,bar,-122.4144477,37.7866893,0.16,0.31,0.57
node/10558070235,Buddy,bar,-122.4171081,37.7554502,0.16,0.35,0.59
node/10600380560,Bar TZA,bar,-122.4187743,37.7574019,0.16,0.35,0.59
node/10609477671,Royal Cuckoo Market,bar,-122.4186233,37.7603692,0.16,0.35,0.59
node/10977609709,Decant SF,bar,-122.409533,37.7756341,0.16,0.31,0.57
node/11362887388,Enterprise Brewing Company,pub,-122.410704,37.7771618,0.16,0.31,0.57
node/11699777854,Aunt Charlies Lounge,bar,-122.4113803,37.7830303,0.16,0.31,0.57
node/11777394339,Driftwood,bar,-122.4104282,37.7745531,0.16,0.31,0.57
node/11806415039,Casements,bar,-122.4189869,37.7594304,0.16,0.35,0.59
node/12133091149,Punsch Bar,bar,-122.4092532,37.7827313,0.16,0.31,0.57
node/12583335241,Radio Habana,bar,-122.4207974,37.7551095,0.16,0.35,0.59
node/12951004302,Indie Darling,bar,-122.4105181,37.780965,0.16,0.31,0.57
node/13027417998,Lagom Bar,bar,-122.4090446,37.782573,0.16,0.31,0.57
node/13103796137,Las Margaritas,bar,-122.4192534,37.752297,0.16,0.35,0.59
node/13176381001,Laszlo,bar,-122.4190265,37.7564579,0.16,0.35,0.59
node/13631146967,Etcetera Wine Bar,bar,-122.421319,37.7602888,0.16,0.35,0.59
node/13765410525,Arcana,bar,-122.4190806,37.7566653,0.16,0.35,0.59
node/13768629906,Latin American Club,bar,-122.4206643,37.7554302,0.16,0.35,0.59
node/61675193,Martuni's,bar,-122.4227728,37.7721282,0.14,0.34,0.55
node/61690921,Comstock Saloon,bar,-122.4056426,37.7969638,0.14,0.34,0.57
node/61692662,Mr. Bing's,pub,-122.4058551,37.7971431,0.14,0.34,0.57
node/61692712,Irish Times,pub,-122.4015526,37.7940403,0.14,0.34,0.57
node/61692857,Old Ship Saloon,pub,-122.4007139,37.7977871,0.14,0.34,0.57
way/112757637,Zeitgeist,pub,-122.4221201,37.7700366,0.14,0.34,0.55
way/260322174,500 Club,bar,-122.4241568,37.7630225,0.14,0.34,0.55
way/260973325,Standard Deviant,pub,-122.4194787,37.768506,0.14,0.34,0.55
node/265506505,Pops,pub,-122.4083499,37.7529503,0.14,0.35,0.57
node/275723361,Kilowatt,pub,-122.4232405,37.7649743,0.14,0.34,0.55
node/295082904,Elixir,pub,-122.4243046,37.7649242,0.14,0.34,0.55
node/302448211,Dalva,pub,-122.4224623,37.7647708,0.14,0.34,0.55
node/366710420,Specs Bar,pub,-122.40599,37.7976427,0.14,0.34,0.57
node/366711368,Cafe Tosca,pub,-122.4059615,37.7975454,0.14,0.34,0.57
node/366713190,15 Romolo,pub,-122.4063692,37.7982178,0.14,0.34,0.57
node/371007095,Cigar Bar,pub,-122.4034628,37.7970564,0.14,0.34,0.57
node/378440021,ABV,bar,-122.4235379,37.7649457,0.14,0.34,0.55
node/479491671,House of Shields,bar,-122.4012873,37.7882367,0.14,0.34,0.57
node/528511748,Delirium,pub,-122.4227284,37.764764,0.14,0.34,0.55
node/529771968,The Orbit Room,bar,-122.4252744,37.7706731,0.14,0.34,0.55
node/1320562876,Atlas Tap Room,pub,-122.4001637,37.7878983,0.14,0.34,0.57
node/1613829042,DaDa Bar,bar,-122.4002205,37.7881751,0.14,0.34,0.57
node/1617288110,Sutter Station Tavern,bar,-122.4009729,37.7898697,0.14,0.34,0.57
node/1617351128,Long Weekend Havana,bar,-122.4062868,37.7977824,0.14,0.34,0.57
node/1805750179,Southern Pacific Brewing,pub,-122.4139896,37.7601311,0.14,0.35,0.57
node/2166014681,Monroe San Francisco,bar,-122.4049362,37.7979623,0.14,0.34,0.57
node/2248286001,The Occidental Cigar Club,bar,-122.4036534,37.7916682,0.14,0.34,0.57
node/2249504566,Irish Bank,pub,-122.404722,37.7904363,0.14,0.34,0.57
node/2249505215,Murphy's,pub,-122.4040639,37.7900928,0.14,0.34,0.57
node/2454979580,The Sycamore,bar,-122.4196292,37.762774,0.14,0.34,0.55
node/2657881653,Variety Club Preview Room,bar,-122.4015992,37.7896193,0.14,0.34,0.57
node/2941409392,Rickhouse,bar,-122.403818,37.7904964,0.14,0.34,0.57
node/3061387376,Local Edition,bar,-122.4032007,37.7875747,0.14,0.34,0.57
node/3279458748,Asiento,bar,-122.409452,37.7577226,0.14,0.35,0.57
node/3408837756,Sool Bar and Lounge,bar,-122.4056559,37.7900206,0.14,0.34,0.57
node/3985400820,Grasslands Bar & Lounge,bar,-122.4053256,37.7963509,0.14,0.34,0.57
node/3985401493,Happy Billiard,bar,-122.4053859,37.7966358,0.14,0.34,0.57
node/3986887643,The Devil's Acre,pub,-122.4061685,37.7976771,0.14,0.34,0.57
node/4030143560,Trick Dog,bar,-122.4111877,37.7592203,0.14,0.35,0.57
node/4129601492,The Treasury,bar,-122.4010896,37.7912711,0.14,0.34,0.57
node/4143685674,Pagan Idol,bar,-122.403638,37.7907035,0.14,0.34,0.57
node/4343745976,Pied Piper,bar,-122.4020921,37.7883976,0.14,0.34,0.57
node/4403707689,Café Prague,pub,-122.4009685,37.7955107,0.14,0.34,0.57
node/4516187333,Dahlia,bar,-122.4198601,37.768386,0.14,0.34,0.55
node/4516193228,The Crafty Fox,pub,-122.4203472,37.7698488,0.14,0.34,0.55
node/4614040696,Score,pub,-122.405187,37.798171,0.14,0.34,0.57
node/4616136997,The Barrel Room,bar,-122.4015076,37.7941595,0.14,0.34,0.57
node/4839978312,Bar Fluxus,bar,-122.4049416,37.7902514,0.14,0.34,0.57
node/6242795781,Ruth’s at Treat Street,bar,-122.4131711,37.7526938,0.14,0.35,0.57
node/6679529685,Kell’s,bar,-122.4040582,37.7964373,0.14,0.34,0.57
node/9405810158,Fort Point Beer Company,pub,-122.421689,37.760967,0.14,0.34,0.55
node/9592886313,Sequoia Sake tasting room,bar,-122.4031529,37.74044,0.14,0.34,0.6
node/9592981167,Barebottle Taproom,pub,-122.4091302,37.7399113,0.14,0.34,0.6
node/9602091692,Lion's Den Bar & Lounge,bar,-122.4062528,37.7957379,0.14,0.34,0.57
node/9657629728,The Lark Bar,bar,-122.4027988,37.7879097,0.14,0.34,0.57
node/9662065899,Hôtel Biron,bar,-122.4218682,37.7736071,0.14,0.34,0.55
node/9684320117,Bar Part Time,bar,-122.424176,37.7681534,0.14,0.34,0.55
node/9943927508,Nightingale,bar,-122.4041287,37.7903654,0.14,0.34,0.57
node/9948792868,El Trebol #2,bar,-122.4137221,37.7526405,0.14,0.35,0.57
node/10538343244,EZ5 Cocktails,bar,-122.404378,37.794122,0.14,0.34,0.57
node/10538343245,Blind Pig,bar,-122.4062138,37.7925492,0.14,0.34,0.57
node/10555829843,Mother,bar,-122.4213338,37.7648164,0.14,0.34,0.55
node/10555829846,Skylark,bar,-122.4215576,37.7648183,0.14,0.34,0.55
node/10635333073,True Laurel,bar,-122.4114886,37.7594967,0.14,0.35,0.57
node/10635824452,El Chato,bar,-122.4094386,37.7575118,0.14,0.35,0.57
node/11032970208,Sam's Tavern,pub,-122.4035751,37.7909636,0.14,0.34,0.57
node/11043132735,Heartwood,pub,-122.4020082,37.7942741,0.14,0.34,0.57
node/11043335423,The Vault Garden,bar,-122.403564,37.7922622,0.14,0.34,0.57
node/11806415064,Hop Oast,bar,-122.4085736,37.748524,0.14,0.35,0.57
node/12115120001,Louie's Bar,bar,-122.3996758,37.7895975,0.14,0.34,0.57
node/12887035377,Paris 75,bar,-122.4058578,37.7978376,0.14,0.34,0.57
node/12887090805,Bamboo Hut,bar,-122.405093,37.7979485,0.14,0.34,0.57
node/13030734579,Casanova Lounge,bar,-122.4216786,37.7643859,0.14,0.34,0.55
node/13093722241,,bar,-122.4103873,37.7605716,0.14,0.35,0.57
node/13241913569,Sky Bar,bar,-122.4025399,37.7951943,0.14,0.34,0.57
node/13816468428,Blondies Bar,bar,-122.4219848,37.7642161,0.14,0.34,0.55
way/104600008,Hi Dive,pub,-122.3874724,37.7876272,0.12,0.3,0.56
way/132605452,Buzzworks,bar,-122.4128898,37.771304,0.12,0.32,0.54
node/1206794862,Rite Spot Cafe,bar,-122.4150115,37.7638277,0.12,0.32,0.54
node/1612773733,Butter,bar,-122.4132775,37.7710719,0.12,0.32,0.54
node/1806978712,Bar Agricole,bar,-122.4130526,37.7712823,0.12,0.32,0.54
node/5992714949,The City Club,bar,-122.417997,37.7650324,0.12,0.32,0.54
node/9596331674,SF Eagle,bar,-122.4133375,37.7699933,0.12,0.32,0.54
node/9596331675,Powerhouse,bar,-122.4121937,37.7731291,0.12,0.32,0.54
node/10635345334,Jolenes Bar,bar,-122.4133319,37.765597,0.12,0.32,0.54
node/11777394327,Hole In The Wall,bar,-122.4124752,37.7729234,0.12,0.32,0.54
node/14052475620,Bergerac,bar,-122.413761,37.7714013,0.12,0.32,0.54
way/1216690688,Barebottle Brew Co.,bar,-122.3963606,37.7893431,0.11,0.34,0.55
node/1613924529,Madarae,bar,-122.398145,37.7885478,0.11,0.34,0.55
node/4618173073,Patriot House,pub,-122.3987013,37.7950723,0.11,0.34,0.55
node/9538820439,Terminus,bar,-122.3967216,37.7937667,0.11,0.34,0.55
node/9869203374,Royal Exchange,pub,-122.3991541,37.7941594,0.11,0.34,0.55
node/11162058141,Harrington's Bar & Grill,pub,-122.3990871,37.7940242,0.11,0.34,0.55
node/11263551593,Fort Point Beer Co.,bar,-122.3939649,37.7957855,0.11,0.34,0.55
way/218159534,Mars Bar & Restaurant,bar,-122.4032439,37.7733103,0.1,0.3,0.53
way/260241908,1015 Folsom,bar,-122.4056995,37.7780519,0.1,0.29,0.54
way/267242909,Bottom of the Hill,bar,-122.3964114,37.7649251,0.1,0.29,0.52
node/281652962,Verdi Club,pub,-122.4079125,37.7632862,0.1,0.31,0.55
node/317081666,John Foley's Dueling Piano Bar,bar,-122.4086732,37.7862572,0.1,0.29,0.54
node/317124810,Local Tap,pub,-122.394321,37.779906,0.1,0.31,0.55
node/344975908,21st Amendment Brewery,pub,-122.3925769,37.782448,0.1,0.31,0.55
node/346585378,Tempest,pub,-122.4062574,37.7812256,0.1,0.29,0.54
node/621179351,The Chieftain Irish Pub & Restaurant,pub,-122.4052119,37.7814985,0.1,0.29,0.54
node/761906611,Bloodhound,bar,-122.4088161,37.77581,0.1,0.29,0.54
node/808930729,Johnny Foley's Irish House,pub,-122.408751,37.7862372,0.1,0.29,0.54
node/1230343377,Restaurante-Pupusería Ilobasco,pub,-122.4039937,37.7278009,0.1,0.29,0.6
node/1230343426,Judnich's,pub,-122.4028439,37.7253753,0.1,0.29,0.6
node/1230343464,Fat Beli Deli,pub,-122.404354,37.7288873,0.1,0.29,0.6
node/1238299633,Dogpatch Saloon,bar,-122.3885258,37.7580357,0.1,0.27,0.54
node/1581843965,Twenty Five Lusk,bar,-122.3943226,37.778429,0.1,0.31,0.55
node/1612808193,The View Lounge,bar,-122.4043265,37.7854136,0.1,0.29,0.54
node/1676994251,Executive Order,bar,-122.4060429,37.7832783,0.1,0.29,0.54
node/1844915443,Press Club,bar,-122.4044428,37.7859991,0.1,0.29,0.54
node/2240839554,Candlestick Park Sports Bar,bar,-122.392018,37.7784531,0.1,0.31,0.55
node/2240869184,58 Social,bar,-122.3910462,37.7778936,0.1,0.31,0.55
node/4256898604,Mission Hill Saloon,bar,-122.4071599,37.7633159,0.1,0.31,0.55
node/4498256594,Bartlett Hall,bar,-122.408778,37.7864629,0.1,0.29,0.54
node/4750382901,Together Lounge,bar,-122.388527,37.7581814,0.1,0.27,0.54
node/5264776821,Victory Hall & Parlor,bar,-122.3940943,37.7789359,0.1,0.31,0.55
node/5538811245,Blooms Saloon,bar,-122.3960042,37.7627366,0.1,0.29,0.52
node/5538811250,Ruby Wine,bar,-122.3969617,37.7624711,0.1,0.29,0.52
node/5612872169,The Great Northern,bar,-122.4065246,37.7676612,0.1,0.31,0.55
node/6064189082,Woods Island Club,bar,-122.3708292,37.8170938,0.1,0.29,0.59
node/9328898384,Elements Bar and Lounge,bar,-122.4073527,37.7862923,0.1,0.29,0.54
node/9502079156,Kona’s Street Market,bar,-122.4032843,37.7870835,0.1,0.29,0.54
node/9652999596,San Francsco Brewing Co,pub,-122.399683,37.7680641,0.1,0.3,0.53
node/9723884775,Harmonic Brewing,pub,-122.3868985,37.7687441,0.1,0.3,0.54
node/10158817989,Lone Star Saloon,bar,-122.4108479,37.7721566,0.1,0.31,0.55
node/10158842727,Kaiyō Rooftop,bar,-122.3923716,37.7787752,0.1,0.31,0.55
node/10558492785,Third Rail,bar,-122.388354,37.7606299,0.1,0.27,0.54
node/10780794722,Alchemist,bar,-122.3931598,37.779374,0.1,0.31,0.55
node/10780794754,Woodbury,bar,-122.3930975,37.7793221,0.1,0.31,0.55
node/11041008192,Bar VIA,bar,-122.3908206,37.7792467,0.1,0.31,0.55
node/11149187371,Mission Bay Wine Bar at Thrive City,bar,-122.3864865,37.7684244,0.1,0.3,0.54
node/11166132562,?,bar,-122.40285,37.775343,0.1,0.29,0.54
node/11345377375,Ballast Point Tasting Room & Kitchen,pub,-122.3934451,37.7664408,0.1,0.29,0.52
node/11777326258,Buena Vida Cantina,bar,-122.4026799,37.7810493,0.1,0.29,0.54
node/12069089539,Saison Cellar & Wine Bar,bar,-122.393788,37.7782501,0.1,0.31,0.55
node/12070629878,Saison Cellar & Wine Bar: Member's Cellar,bar,-122.3936992,37.7783062,0.1,0.31,0.55
node/12288987452,The Sea Star,bar,-122.3884137,37.7607437,0.1,0.27,0.54
node/13057323401,The Stud,bar,-122.4083643,37.7761653,0.1,0.29,0.54
node/13257040801,Gold Bar Distillery,bar,-122.3710281,37.8168273,0.1,0.29,0.59
node/13594408375,Silk Road Bar,bar,-122.408418,37.7855417,0.1,0.29,0.54
way/148288778,Southside Spirit House,pub,-122.3974391,37.7871112,0.09,0.3,0.53
way/216220336,Thriller Social Club,pub,-122.3980831,37.7791966,0.09,0.3,0.53
node/1613829038,Yerba Buena Bar,pub,-122.3989958,37.787564,0.09,0.3,0.53
node/2026996037,Pink Elephant,bar,-122.4004371,37.7867615,0.09,0.3,0.53
node/2240869181,Lava Restaurant & Lounge,bar,-122.3964816,37.7806466,0.09,0.3,0.53
node/2294919268,St. Regis Hotel Lobby Bar,bar,-122.4013648,37.7860568,0.09,0.3,0.53
node/3455075359,SPiN SF,bar,-122.3992108,37.7841938,0.09,0.3,0.53
node/3641760242,Shoji,bar,-122.3997471,37.7866435,0.09,0.3,0.53
node/3642082213,Novela,bar,-122.4013107,37.787049,0.09,0.3,0.53
node/3642090340,Natoma Cabana,bar,-122.3985473,37.7875676,0.09,0.3,0.53
node/4425675189,111 Minna Gallery,bar,-122.3993218,37.7874657,0.09,0.3,0.53
node/10245940482,Hotel Utah Saloon,pub,-122.3981059,37.7793831,0.09,0.3,0.53
node/10859142472,Wine Down,bar,-122.3983137,37.7840748,0.09,0.3,0.53
node/11612234508,Seven Square Taproom,bar,-122.3965903,37.7859023,0.09,0.3,0.53
way/264254814,Speakeasy Ales & Lagers,bar,-122.3806424,37.7381455,0.08,0.23,0.53
