,dt,tide_height,timestamp,solar_altitude,lunar_altitude
0,1751428800,-0.01,2025-07-02 04:00:00+00:00,58.3723061187356,2.7643282481527263
1,1751429400,-0.007,2025-07-02 04:10:00+00:00,58.70756595414568,5.091194832797183
2,1751430000,-0.004,2025-07-02 04:20:00+00:00,58.85387543635652,7.463810451389209
3,1751430600,0.0,2025-07-02 04:30:00+00:00,58.808577621781,9.856922613906796
4,1751431200,0.003,2025-07-02 04:40:00+00:00,58.57248530293033,12.261084314954172
5,1751431800,0.007,2025-07-02 04:50:00+00:00,58.1498673480358,14.672310139150634
6,1751432400,0.012,2025-07-02 05:00:00+00:00,57.54801839913095,17.088393935394265
7,1751433000,0.016,2025-07-02 05:10:00+00:00,56.77671587201267,19.507360071467645
8,1751433600,0.02,2025-07-02 05:20:00+00:00,55.84746522033785,21.929280264357054
9,1751434200,0.025,2025-07-02 05:30:00+00:00,54.77281691670639,24.353638834780156
10,1751434800,0.03,2025-07-02 05:40:00+00:00,53.565680018649594,26.780070367616357
11,1751435400,0.035,2025-07-02 05:50:00+00:00,52.23882356482083,29.208289702467813
12,1751436000,0.04,2025-07-02 06:00:00+00:00,50.80446676364522,31.63805436761898
13,1751436600,0.044,2025-07-02 06:10:00+00:00,49.27404335179339,34.06915774984747
14,1751437200,0.049,2025-07-02 06:20:00+00:00,47.65805133001963,36.50138811328901
15,1751437800,0.053,2025-07-02 06:30:00+00:00,45.96599490655403,38.93454396736309
16,1751438400,0.058,2025-07-02 06:40:00+00:00,44.206404987669934,41.36841357620544
17,1751439000,0.061,2025-07-02 06:50:00+00:00,42.386869913535214,43.80276129828969
18,1751439600,0.064,2025-07-02 07:00:00+00:00,40.51411400538775,46.23732758642738
19,1751440200,0.067,2025-07-02 07:10:00+00:00,38.59407611271088,48.67181874248419
20,1751440800,0.069,2025-07-02 07:20:00+00:00,36.631994990597995,51.10588642681247
21,1751441400,0.07,2025-07-02 07:30:00+00:00,34.63248101673886,53.53911058277825
22,1751442000,0.071,2025-07-02 07:40:00+00:00,32.59960498387879,55.97097894619378
23,1751442600,0.07,2025-07-02 07:50:00+00:00,30.536973231899562,58.40084264908791
24,1751443200,0.068,2025-07-02 08:00:00+00:00,28.44777375159628,60.82786840838191
25,1751443800,0.065,2025-07-02 08:10:00+00:00,26.334854731852833,63.250946318335636
26,1751444400,0.062,2025-07-02 08:20:00+00:00,24.2007723709661,65.66855324676418
27,1751445000,0.057,2025-07-02 08:30:00+00:00,22.047852348348474,68.07854451426816
28,1751445600,0.05,2025-07-02 08:40:00+00:00,19.878242758493922,70.4777714036402
29,1751446200,0.043,2025-07-02 08:50:00+00:00,17.693989243058862,72.86135032962375
30,1751446800,0.035,2025-07-02 09:00:00+00:00,15.497135736152421,75.22138559353826
31,1751447400,0.025,2025-07-02 09:10:00+00:00,13.28840623782662,77.544148515152
32,1751448000,0.015,2025-07-02 09:20:00+00:00,11.07244271539613,79.80380048883484
33,1751448600,0.004,2025-07-02 09:30:00+00:00,8.85190125867444,81.94673818998048
34,1751449200,-0.008,2025-07-02 09:40:00+00:00,6.63254142467916,83.84945130782762
35,1751449800,-0.021,2025-07-02 09:50:00+00:00,4.426147851049504,85.21600823620709
36,1751450400,-0.035,2025-07-02 10:00:00+00:00,2.2624941861512022,85.5248625602859
37,1751451000,-0.049,2025-07-02 10:10:00+00:00,0.2271454380486054,84.59183139890547
38,1751451600,-0.064,2025-07-02 10:20:00+00:00,-1.506419138900647,82.89035614457443
39,1751452200,-0.079,2025-07-02 10:30:00+00:00,-3.9624262446166507,80.83933912927881
40,1751452800,-0.094,2025-07-02 10:40:00+00:00,-7.087620280491008,78.62664470613981
41,1751453400,-0.11,2025-07-02 10:50:00+00:00,-9.423681153531948,76.33088835250429
42,1751454000,-0.126,2025-07-02 11:00:00+00:00,-11.717758988178936,73.98809931624407
43,1751454600,-0.142,2025-07-02 11:10:00+00:00,-14.014462176788147,71.61658250433477
44,1751455200,-0.158,2025-07-02 11:20:00+00:00,-16.313170879692404,69.22651489863972
45,1751455800,-0.174,2025-07-02 11:30:00+00:00,-18.613266110998172,66.82398219770938
46,1751456400,-0.189,2025-07-02 11:40:00+00:00,-20.914116078207226,64.41283662823567
47,1751457000,-0.205,2025-07-02 11:50:00+00:00,-23.21506679070654,61.99565317153567
48,1751457600,-0.22,2025-07-02 12:00:00+00:00,-25.515438644673694,59.57421450698275
49,1751458200,-0.235,2025-07-02 12:10:00+00:00,-27.814511055151254,57.149814955424624
50,1751458800,-0.249,2025-07-02 12:20:00+00:00,-30.111500257931958,54.7234107433451
51,1751459400,-0.262,2025-07-02 12:30:00+00:00,-32.4055661397479,52.29573611607996
52,1751460000,-0.275,2025-07-02 12:40:00+00:00,-34.69576613449361,49.86737846989781
53,1751460600,-0.286,2025-07-02 12:50:00+00:00,-36.981048393036914,47.43880567275681
54,1751461200,-0.297,2025-07-02 13:00:00+00:00,-39.260224462462226,45.01040363034506
55,1751461800,-0.306,2025-07-02 13:10:00+00:00,-41.531921474746376,42.58251385212106
56,1751462400,-0.314,2025-07-02 13:20:00+00:00,-43.79455141090733,40.15541637584078
57,1751463000,-0.32,2025-07-02 13:30:00+00:00,-46.04623596892334,37.72937074869268
58,1751463600,-0.325,2025-07-02 13:40:00+00:00,-48.28475533731415,35.3046194423923
59,1751464200,-0.328,2025-07-02 13:50:00+00:00,-50.50741842154678,32.881387853182254
60,1751464800,-0.33,2025-07-02 14:00:00+00:00,-52.71097063648171,30.45989454711597
61,1751465400,-0.33,2025-07-02 14:10:00+00:00,-54.89139924598156,28.040373458172528
62,1751466000,-0.329,2025-07-02 14:20:00+00:00,-57.04370796666847,25.62306535052017
63,1751466600,-0.326,2025-07-02 14:30:00+00:00,-59.161623269789786,23.208255384556743
64,1751467200,-0.321,2025-07-02 14:40:00+00:00,-61.237167494394924,20.79628506974075
65,1751467800,-0.314,2025-07-02 14:50:00+00:00,-63.26010560201262,18.38761032119929
66,1751468400,-0.306,2025-07-02 15:00:00+00:00,-65.21721434640973,15.982874884261633
67,1751469000,-0.296,2025-07-02 15:10:00+00:00,-67.0912679904995,13.581697975881553
68,1751469600,-0.285,2025-07-02 15:20:00+00:00,-68.85986351380426,11.187505789701458
69,1751470200,-0.273,2025-07-02 15:30:00+00:00,-70.49397944254065,8.802414830590404
70,1751470800,-0.26,2025-07-02 15:40:00+00:00,-71.95678739670393,6.432230759342903
71,1751471400,-0.245,2025-07-02 15:50:00+00:00,-73.20321495796122,4.090905944885999
72,1751472000,-0.229,2025-07-02 16:00:00+00:00,-74.18184446224065,1.8179368098689357
73,1751472600,-0.212,2025-07-02 16:10:00+00:00,-74.84056156617503,-0.2664434116859498
74,1751473200,-0.194,2025-07-02 16:20:00+00:00,-75.13667075726258,-1.9938756526992942
75,1751473800,-0.175,2025-07-02 16:30:00+00:00,-75.04856814715859,-5.4083593626617805
76,1751474400,-0.156,2025-07-02 16:40:00+00:00,-74.5828448684121,-8.042879865638414
77,1751475000,-0.136,2025-07-02 16:50:00+00:00,-73.77203994222906,-10.42693605109021
78,1751475600,-0.115,2025-07-02 17:00:00+00:00,-72.66460673058153,-12.802619278393218
79,1751476200,-0.094,2025-07-02 17:10:00+00:00,-71.31334942594289,-15.174159995964613
80,1751476800,-0.072,2025-07-02 17:20:00+00:00,-69.76722682428378,-17.54131060944698
81,1751477400,-0.05,2025-07-02 17:30:00+00:00,-68.06760938140697,-19.903792788631648
82,1751478000,-0.027,2025-07-02 17:40:00+00:00,-66.24763717516537,-22.261290637269497
83,1751478600,-0.004,2025-07-02 17:50:00+00:00,-64.33313515081079,-24.613442155334518
84,1751479200,0.019,2025-07-02 18:00:00+00:00,-62.34399281920632,-26.959834116381924
85,1751479800,0.043,2025-07-02 18:10:00+00:00,-60.295455162579415,-29.299991822264403
86,1751480400,0.066,2025-07-02 18:20:00+00:00,-58.19929742705918,-31.63335519747001
87,1751481000,0.09,2025-07-02 18:30:00+00:00,-56.06462425480924,-33.95928391176406
88,1751481600,0.113,2025-07-02 18:40:00+00:00,-53.89859026898519,-36.27701298395951
89,1751482200,0.136,2025-07-02 18:50:00+00:00,-51.70683379074687,-38.58565107436967
90,1751482800,0.159,2025-07-02 19:00:00+00:00,-49.49386957513566,-40.884125843294854
91,1751483400,0.181,2025-07-02 19:10:00+00:00,-47.26334494316835,-43.17116346045485
92,1751484000,0.203,2025-07-02 19:20:00+00:00,-45.018237857323065,-45.445230548381
93,1751484600,0.224,2025-07-02 19:30:00+00:00,-42.761007185701004,-47.7044556352407
94,1751485200,0.244,2025-07-02 19:40:00+00:00,-40.49370540014775,-49.94656768313494
95,1751485800,0.263,2025-07-02 19:50:00+00:00,-38.21807078380709,-52.16875265412566
96,1751486400,0.281,2025-07-02 20:00:00+00:00,-35.9355889028235,-54.36752373664159
97,1751487000,0.298,2025-07-02 20:10:00+00:00,-33.64754041766634,-56.538502779424725
98,1751487600,0.313,2025-07-02 20:20:00+00:00,-31.355048894454086,-58.676153914152785
99,1751488200,0.327,2025-07-02 20:30:00+00:00,-29.059108125710978,-60.773404479940226
100,1751488800,0.339,2025-07-02 20:40:00+00:00,-26.76061628131287,-62.82113617424507
101,1751489400,0.349,2025-07-02 20:50:00+00:00,-24.460379323581822,-64.8075327698032
102,1751490000,0.357,2025-07-02 21:00:00+00:00,-22.159151988421126,-66.71710339757703
103,1751490600,0.364,2025-07-02 21:10:00+00:00,-19.8576343702207,-68.52959654667747
104,1751491200,0.369,2025-07-02 21:20:00+00:00,-17.556490704877337,-70.2185247435032
105,1751491800,0.372,2025-07-02 21:30:00+00:00,-15.256361322625716,-71.74976436296085
106,1751492400,0.374,2025-07-02 21:40:00+00:00,-12.9578711857749,-73.08064721330534
107,1751493000,0.374,2025-07-02 21:50:00+00:00,-10.661637572671127,-74.16075966827282
108,1751493600,0.372,2025-07-02 22:00:00+00:00,-8.368278615434285,-74.93621836550105
109,1751494200,0.368,2025-07-02 22:10:00+00:00,-5.91928696776953,-75.35863824490966
110,1751494800,0.363,2025-07-02 22:20:00+00:00,-2.366382003757331,-75.39741322882782
111,1751495400,0.357,2025-07-02 22:30:00+00:00,-0.7522439514564129,-75.04959950572326
112,1751496000,0.349,2025-07-02 22:40:00+00:00,1.1415879994790004,-74.34091273782107
113,1751496600,0.34,2025-07-02 22:50:00+00:00,3.2541343470258584,-73.31724496615459
114,1751497200,0.329,2025-07-02 23:00:00+00:00,5.4443489100590465,-72.03226781722175
115,1751497800,0.318,2025-07-02 23:10:00+00:00,7.659912012649445,-70.53757654001284
116,1751498400,0.305,2025-07-02 23:20:00+00:00,9.881869026076622,-68.87752638299791
117,1751499000,0.291,2025-07-02 23:30:00+00:00,12.101973350691432,-67.08790070723867
118,1751499600,0.276,2025-07-02 23:40:00+00:00,14.3157896324016,-65.19658034492713
119,1751500200,0.26,2025-07-02 23:50:00+00:00,16.520953771980654,-63.22495061835456
120,1751500800,0.244,2025-07-03 00:00:00+00:00,18.713603297452952,-61.189335679637324
121,1751501400,0.226,2025-07-03 00:10:00+00:00,20.8927802747874,-59.10220062401067
122,1751502000,0.208,2025-07-03 00:20:00+00:00,23.056459552895088,-56.973148697447655
123,1751502600,0.19,2025-07-03 00:30:00+00:00,25.20256646181563,-54.80960090048149
124,1751503200,0.171,2025-07-03 00:40:00+00:00,27.328884605163346,-52.61736972409586
125,1751503800,0.151,2025-07-03 00:50:00+00:00,29.43299609597206,-50.40103481012925
126,1751504400,0.132,2025-07-03 01:00:00+00:00,31.51222520763442,-48.164246894693036
127,1751505000,0.112,2025-07-03 01:10:00+00:00,33.563580317293955,-45.90992929875198
128,1751505600,0.093,2025-07-03 01:20:00+00:00,35.583694141689854,-43.640462343231846
129,1751506200,0.074,2025-07-03 01:30:00+00:00,37.56876909564359,-41.35778238676232
130,1751506800,0.055,2025-07-03 01:40:00+00:00,39.51449532978888,-39.06348086342001
131,1751507400,0.037,2025-07-03 01:50:00+00:00,41.41598925886916,-36.75888624499849
132,1751508000,0.019,2025-07-03 02:00:00+00:00,43.267708184372985,-34.445098191954145
133,1751508600,0.002,2025-07-03 02:10:00+00:00,45.06336150207475,-32.123045610014074
134,1751509200,-0.014,2025-07-03 02:20:00+00:00,46.79583898504849,-29.79351055583826
135,1751509800,-0.03,2025-07-03 02:30:00+00:00,48.45711857611401,-27.45716409551265
136,1751510400,-0.044,2025-07-03 02:40:00+00:00,50.03821516141817,-25.114569719643768
137,1751511000,-0.058,2025-07-03 02:50:00+00:00,51.529143004394406,-22.766220909399152
138,1751511600,-0.071,2025-07-03 03:00:00+00:00,52.91893282123567,-20.41254113650734
139,1751512200,-0.082,2025-07-03 03:10:00+00:00,54.19573081863742,-18.05389581608893
140,1751512800,-0.093,2025-07-03 03:20:00+00:00,55.346962618337656,-15.690609382129495
141,1751513400,-0.103,2025-07-03 03:30:00+00:00,56.359678181670034,-13.322965287479592
142,1751514000,-0.112,2025-07-03 03:40:00+00:00,57.220978696386986,-10.951210272722989
143,1751514600,-0.12,2025-07-03 03:50:00+00:00,57.918617633306674,-8.575568880328648
144,1751515200,-0.127,2025-07-03 04:00:00+00:00,58.44170084070293,-6.056714215851595
145,1751515800,-0.134,2025-07-03 04:10:00+00:00,58.78143445001936,-2.3824491700061396
146,1751516400,-0.139,2025-07-03 04:20:00+00:00,58.931766913651344,-0.6882351538147556
147,1751517000,-0.144,2025-07-03 04:30:00+00:00,58.8899593257417,1.3204124905119836
148,1751517600,-0.148,2025-07-03 04:40:00+00:00,58.65677666747746,3.562498391588305
149,1751518200,-0.151,2025-07-03 04:50:00+00:00,58.23643999576571,5.8899308147168155
150,1751518800,-0.154,2025-07-03 05:00:00+00:00,57.636264443207516,8.251785470271486
151,1751519400,-0.156,2025-07-03 05:10:00+00:00,56.866044501072686,10.630668641200645
152,1751520000,-0.157,2025-07-03 05:20:00+00:00,55.93735392490981,13.01961268077723
153,1751520600,-0.158,2025-07-03 05:30:00+00:00,54.862794413737554,15.416126277501485
154,1751521200,-0.157,2025-07-03 05:40:00+00:00,53.65536040245186,17.81648014808658
155,1751521800,-0.157,2025-07-03 05:50:00+00:00,52.32787898631403,20.220956037835776
156,1751522400,-0.155,2025-07-03 06:00:00+00:00,50.892644505830084,22.628940937271064
157,1751523000,-0.153,2025-07-03 06:10:00+00:00,49.36114192408939,25.039977223718058
158,1751523600,-0.15,2025-07-03 06:20:00+00:00,47.74392046826503,27.453737048096595
159,1751524200,-0.147,2025-07-03 06:30:00+00:00,46.050528742816695,29.869974523596554
160,1751524800,-0.143,2025-07-03 06:40:00+00:00,44.2895249747744,32.288479621900954
161,1751525400,-0.138,2025-07-03 06:50:00+00:00,42.468524825062715,34.70908841846972
162,1751526000,-0.133,2025-07-03 07:00:00+00:00,40.59427993567619,37.131647234046525
163,1751526600,-0.128,2025-07-03 07:10:00+00:00,38.672735986287336,39.55601946484797
164,1751527200,-0.122,2025-07-03 07:20:00+00:00,36.70914880746246,41.982071922185234
165,1751527800,-0.116,2025-07-03 07:30:00+00:00,34.70813560708051,44.40968507774785
166,1751528400,-0.11,2025-07-03 07:40:00+00:00,32.67377400807596,46.83873257303617
167,1751529000,-0.104,2025-07-03 07:50:00+00:00,30.609670350330592,49.26909487973971
168,1751529600,-0.098,2025-07-03 08:00:00+00:00,28.519019454828683,51.70064222426426
169,1751530200,-0.092,2025-07-03 08:10:00+00:00,26.404669510454116,54.13324483301556
170,1751530800,-0.086,2025-07-03 08:20:00+00:00,24.269175007956488,56.566759272021066
171,1751531400,-0.081,2025-07-03 08:30:00+00:00,22.114859919200885,59.00103186202445
172,1751532000,-0.076,2025-07-03 08:40:00+00:00,19.9438689235867,61.43589184829644
173,1751532600,-0.072,2025-07-03 08:50:00+00:00,17.75824595522305,63.87112749497279
174,1751533200,-0.069,2025-07-03 09:00:00+00:00,15.5600281180299,66.30650657562171
175,1751533800,-0.067,2025-07-03 09:10:00+00:00,13.349941119606559,68.7416875807847
176,1751534400,-0.065,2025-07-03 09:20:00+00:00,11.1325808234908,71.17626069911155
177,1751535000,-0.064,2025-07-03 09:30:00+00:00,8.910578560060372,73.60957023244197
178,1751535600,-0.064,2025-07-03 09:40:00+00:00,6.689604666986854,76.0406189731571
179,1751536200,-0.065,2025-07-03 09:50:00+00:00,4.4812119823645,78.4676174116944
180,1751536800,-0.067,2025-07-03 10:00:00+00:00,2.3144689375272374,80.88700701949632
181,1751537400,-0.069,2025-07-03 10:10:00+00:00,0.27292299337204406,83.29022956953283
182,1751538000,-0.072,2025-07-03 10:20:00+00:00,-1.4699071887535802,85.65014189004228
183,1751538600,-0.076,2025-07-03 10:30:00+00:00,-3.8060930329119906,87.82106970640663
184,1751539200,-0.081,2025-07-03 10:40:00+00:00,-7.033831260116688,88.41924401353802
185,1751539800,-0.085,2025-07-03 10:50:00+00:00,-9.374417560369585,86.51132629154333
186,1751540400,-0.091,2025-07-03 11:00:00+00:00,-11.669769225296779,84.18980646435853
187,1751541000,-0.097,2025-07-03 11:10:00+00:00,-13.967762465885476,81.79915146239485
188,1751541600,-0.103,2025-07-03 11:20:00+00:00,-16.267780857563082,79.38642811922286
189,1751542200,-0.11,2025-07-03 11:30:00+00:00,-18.56921139085159,76.96432009613127
190,1751542800,-0.117,2025-07-03 11:40:00+00:00,-20.871423980800063,74.5376768274308
191,1751543400,-0.124,2025-07-03 11:50:00+00:00,-23.173773174531934,72.10876593592589
192,1751544000,-0.131,2025-07-03 12:00:00+00:00,-25.47558449086667,69.67884417642381
193,1751544600,-0.138,2025-07-03 12:10:00+00:00,-27.77613905239412,67.24864920935494
194,1751545200,-0.145,2025-07-03 12:20:00+00:00,-30.07467187792725,64.81870012909617
195,1751545800,-0.152,2025-07-03 12:30:00+00:00,-32.37033943910356,62.389345275295206
196,1751546400,-0.16,2025-07-03 12:40:00+00:00,-34.66221283019593,59.96087834608634
197,1751547000,-0.167,2025-07-03 12:50:00+00:00,-36.949253862450504,57.53351790752301
198,1751547600,-0.173,2025-07-03 13:00:00+00:00,-39.23028432823548,55.10746545018575
199,1751548200,-0.18,2025-07-03 13:10:00+00:00,-41.50395185009517,52.682888313709206
200,1751548800,-0.186,2025-07-03 13:20:00+00:00,-43.768678654331325,50.259950422633466
201,1751549400,-0.191,2025-07-03 13:30:00+00:00,-46.022610344584265,47.83879862602568
202,1751550000,-0.196,2025-07-03 13:40:00+00:00,-48.26355101503585,45.419579772953014
203,1751550600,-0.2,2025-07-03 13:50:00+00:00,-50.48884713719352,43.002433882293445
204,1751551200,-0.203,2025-07-03 14:00:00+00:00,-52.69527144667444,40.58750097292496
205,1751551800,-0.205,2025-07-03 14:10:00+00:00,-54.87885218847625,38.174931309009295
206,1751552400,-0.207,2025-07-03 14:20:00+00:00,-57.03465455092362,35.76487173961361
207,1751553000,-0.207,2025-07-03 14:30:00+00:00,-59.15646647696642,33.35747935908882
208,1751553600,-0.206,2025-07-03 14:40:00+00:00,-61.23638202264037,30.952924922164172
209,1751554200,-0.204,2025-07-03 14:50:00+00:00,-63.26425835702799,28.551404796778296
210,1751554800,-0.201,2025-07-03 15:00:00+00:00,-65.22697468673368,26.153130718795474
211,1751555400,-0.197,2025-07-03 15:10:00+00:00,-67.10742138788657,23.75836394295145
212,1751556000,-0.191,2025-07-03 15:20:00+00:00,-68.88329789284657,21.367428903231804
213,1751556600,-0.185,2025-07-03 15:30:00+00:00,-70.5256715202895,18.980743948723198
214,1751557200,-0.177,2025-07-03 15:40:00+00:00,-71.99769339964314,16.59890672097801
215,1751557800,-0.168,2025-07-03 15:50:00+00:00,-73.25414767860201,14.221633767145681
216,1751558400,-0.158,2025-07-03 16:00:00+00:00,-74.24317956098737,11.851817672339715
217,1751559000,-0.147,2025-07-03 16:10:00+00:00,-74.91194387319082,9.491230870649728
218,1751559600,-0.135,2025-07-03 16:20:00+00:00,-75.21682302717268,7.144409888345079
219,1751560200,-0.122,2025-07-03 16:30:00+00:00,-75.13535253075277,4.821556039838005
220,1751560800,-0.108,2025-07-03 16:40:00+00:00,-74.67370004475161,2.5497418471209086
221,1751561400,-0.094,2025-07-03 16:50:00+00:00,-73.8645275337802,0.41046072510001913
222,1751562000,-0.078,2025-07-03 17:00:00+00:00,-72.75678696362002,-1.4118903880047282
223,1751562600,-0.062,2025-07-03 17:10:00+00:00,-71.40389041358057,-3.754867467910541
224,1751563200,-0.046,2025-07-03 17:20:00+00:00,-69.85534992495528,-7.077727605251891
225,1751563800,-0.029,2025-07-03 17:30:00+00:00,-68.15291161395126,-9.463739359240426
226,1751564400,-0.011,2025-07-03 17:40:00+00:00,-66.32997510560988,-11.79792406469373
227,1751565000,0.007,2025-07-03 17:50:00+00:00,-64.41252243953386,-14.12571315176296
228,1751565600,0.026,2025-07-03 18:00:00+00:00,-62.42051142847797,-16.44667034211489
229,1751566200,0.045,2025-07-03 18:10:00+00:00,-60.36924169618306,-18.76030130080833
230,1751566800,0.064,2025-07-03 18:20:00+00:00,-58.27048165858905,-21.066050221199575
231,1751567400,0.084,2025-07-03 18:30:00+00:00,-56.13336327861625,-23.363287018337694
232,1751568000,0.104,2025-07-03 18:40:00+00:00,-53.96501385866356,-25.651287692170662
233,1751568600,0.125,2025-07-03 18:50:00+00:00,-51.77107171989084,-27.929230912450787
234,1751569200,0.146,2025-07-03 19:00:00+00:00,-49.55603454186653,-30.196167282883437
235,1751569800,0.166,2025-07-03 19:10:00+00:00,-47.32354281541826,-32.45100055810683
236,1751570400,0.187,2025-07-03 19:20:00+00:00,-45.07655401245663,-34.69246373802991
237,1751571000,0.208,2025-07-03 19:30:00+00:00,-42.81752700108286,-36.91907125650822
238,1751571600,0.228,2025-07-03 19:40:00+00:00,-40.548497177669596,-39.12909849077632
239,1751572200,0.248,2025-07-03 19:50:00+00:00,-38.27119599517145,-41.320503214272385
240,1751572800,0.268,2025-07-03 20:00:00+00:00,-35.98709877444915,-43.490881200408566
241,1751573400,0.287,2025-07-03 20:10:00+00:00,-33.69748276087747,-45.637370599922626
242,1751574000,0.306,2025-07-03 20:20:00+00:00,-31.403461275291136,-47.75656656351331
243,1751574600,0.323,2025-07-03 20:30:00+00:00,-29.10602128002521,-49.844374392773204
244,1751575200,0.339,2025-07-03 20:40:00+00:00,-26.806052407219088,-51.89586952131073
245,1751575800,0.355,2025-07-03 20:50:00+00:00,-24.504364034289413,-53.90509943926421
246,1751576400,0.369,2025-07-03 21:00:00+00:00,-22.201697236761134,-55.86483097630261
247,1751577000,0.381,2025-07-03 21:10:00+00:00,-19.898752109024176,-57.76627709405871
248,1751577600,0.392,2025-07-03 21:20:00+00:00,-17.596186056786156,-59.59872122572475
249,1751578200,0.401,2025-07-03 21:30:00+00:00,-15.294635995187175,-61.34916210621562
250,1751578800,0.408,2025-07-03 21:40:00+00:00,-12.994723471441704,-63.00186297968361
251,1751579400,0.414,2025-07-03 21:50:00+00:00,-10.697058933706813,-64.53800667496533
252,1751580000,0.418,2025-07-03 22:00:00+00:00,-8.402258806555098,-65.9354702093391
253,1751580600,0.42,2025-07-03 22:10:00+00:00,-5.957488215797412,-67.1689818828759
254,1751581200,0.42,2025-07-03 22:20:00+00:00,-2.390543371059428,-68.2108452784913
255,1751581800,0.418,2025-07-03 22:30:00+00:00,-0.7744756302354227,-69.03263997904891
256,1751582400,0.414,2025-07-03 22:40:00+00:00,1.116491750034258,-69.60788534113655
257,1751583000,0.409,2025-07-03 22:50:00+00:00,3.2288615798797533,-69.91550340097558
258,1751583600,0.402,2025-07-03 23:00:00+00:00,5.42005648850225,-69.94326128976252
259,1751584200,0.394,2025-07-03 23:10:00+00:00,7.637007827041454,-69.69007300741931
260,1751584800,0.383,2025-07-03 23:20:00+00:00,9.860533222656795,-69.1662043282685
261,1751585400,0.372,2025-07-03 23:30:00+00:00,12.08231948135472,-68.39133985749807
262,1751586000,0.359,2025-07-03 23:40:00+00:00,14.297903928286274,-67.39125672903563
263,1751586600,0.345,2025-07-03 23:50:00+00:00,16.50492161045134,-66.19427290718006
264,1751587200,0.329,2025-07-04 00:00:00+00:00,18.69950237191146,-64.82841265809593
265,1751587800,0.312,2025-07-04 00:10:00+00:00,20.880697670145647,-63.31950775722422
266,1751588400,0.294,2025-07-04 00:20:00+00:00,23.04649259934875,-61.69035054582527
267,1751589000,0.275,2025-07-04 00:30:00+00:00,25.19481248956037,-59.96037974227693
268,1751589600,0.255,2025-07-04 00:40:00+00:00,27.323456312320477,-58.14591949869553
269,1751590200,0.235,2025-07-04 00:50:00+00:00,29.430014718399352,-56.26047309907019
270,1751590800,0.213,2025-07-04 01:00:00+00:00,31.511822226473388,-54.315163506464266
271,1751591400,0.191,2025-07-04 01:10:00+00:00,33.56589916651718,-52.31913634417642
272,1751592000,0.167,2025-07-04 01:20:00+00:00,35.58888850055365,-50.27990140519907
273,1751592600,0.144,2025-07-04 01:30:00+00:00,37.57700971887721,-48.20364684092025
274,1751593200,0.12,2025-07-04 01:40:00+00:00,39.525966632499916,-46.09548163283913
275,1751593800,0.096,2025-07-04 01:50:00+00:00,41.43088590144896,-43.959654158619465
276,1751594400,0.072,2025-07-04 02:00:00+00:00,43.28623848759123,-41.79969904115673
277,1751595000,0.047,2025-07-04 02:10:00+00:00,45.08575086217405,-39.6185805825507
278,1751595600,0.023,2025-07-04 02:20:00+00:00,46.822312798271454,-37.41879521694303
279,1751596200,-0.001,2025-07-04 02:30:00+00:00,48.48791248398701,-35.202450057692666
280,1751596800,-0.025,2025-07-04 02:40:00+00:00,50.0735579752784,-32.97134144455132
281,1751597400,-0.048,2025-07-04 02:50:00+00:00,51.56926353557906,-30.727006170082245
282,1751598000,-0.07,2025-07-04 03:00:00+00:00,52.96403256032527,-28.470760753247955
283,1751598600,-0.092,2025-07-04 03:10:00+00:00,54.245973690172036,-26.203739005450682
284,1751599200,-0.113,2025-07-04 03:20:00+00:00,55.40247156572235,-23.92693130412007
285,1751599800,-0.133,2025-07-04 03:30:00+00:00,56.42049418603983,-21.641194837996963
286,1751600400,-0.153,2025-07-04 03:40:00+00:00,57.28706077660686,-19.34728263543735
287,1751601000,-0.171,2025-07-04 03:50:00+00:00,57.98981552521489,-17.04585722479072
288,1751601600,-0.188,2025-07-04 04:00:00+00:00,58.51775499711102,-14.737506002325697
289,1751602200,-0.205,2025-07-04 04:10:00+00:00,58.86195555014464,-12.422747208645557
290,1751602800,-0.22,2025-07-04 04:20:00+00:00,59.01627684425191,-10.102048711708445
291,1751603400,-0.234,2025-07-04 04:30:00+00:00,58.97786386035976,-7.762154821882659
292,1751604000,-0.248,2025-07-04 04:40:00+00:00,58.74744742870938,-5.109437414296641
293,1751604600,-0.26,2025-07-04 04:50:00+00:00,58.32920762507282,-1.8779748130035825
294,1751605200,-0.271,2025-07-04 05:00:00+00:00,57.73048007261867,-0.1704380325884125
295,1751605800,-0.281,2025-07-04 05:10:00+00:00,56.96110024375175,1.883155511489037
296,1751606400,-0.29,2025-07-04 05:20:00+00:00,56.03269312043943,4.112943123356222
297,1751607000,-0.298,2025-07-04 05:30:00+00:00,54.95794236397041,6.408367359043348
298,1751607600,-0.304,2025-07-04 05:40:00+00:00,53.74991412622693,8.732373801972862
299,1751608200,-0.31,2025-07-04 05:50:00+00:00,52.421517464740326,11.07152490872641
300,1751608800,-0.315,2025-07-04 06:00:00+00:00,50.98511160681372,13.420082893514358
301,1751609400,-0.318,2025-07-04 06:10:00+00:00,49.45224298723902,15.775937227883173
302,1751610000,-0.32,2025-07-04 06:20:00+00:00,47.83351547470268,18.13547388798827
303,1751610600,-0.322,2025-07-04 06:30:00+00:00,46.138518654799384,20.499042067250965
304,1751611200,-0.322,2025-07-04 06:40:00+00:00,44.37584490550502,22.865892152409856
305,1751611800,-0.32,2025-07-04 06:50:00+00:00,42.55314062359542,25.235472605689456
306,1751612400,-0.318,2025-07-04 07:00:00+00:00,40.67717111144347,27.607330927057255
307,1751613000,-0.314,2025-07-04 07:10:00+00:00,38.75390253928918,29.981077795730567
308,1751613600,-0.31,2025-07-04 07:20:00+00:00,36.78859756788805,32.356340966399614
309,1751614200,-0.304,2025-07-04 07:30:00+00:00,34.78588365040276,34.73277209941674
310,1751614800,-0.297,2025-07-04 07:40:00+00:00,32.749845239956976,37.11000236456675
311,1751615400,-0.29,2025-07-04 07:50:00+00:00,30.684092091527052,39.48764927125614
312,1751616000,-0.281,2025-07-04 08:00:00+00:00,28.591815611002676,41.86529617794553
313,1751616600,-0.272,2025-07-04 08:10:00+00:00,26.47586740236233,44.242478631771355
314,1751617200,-0.261,2025-07-04 08:20:00+00:00,24.338801956355596,46.61867070816753
315,1751617800,-0.251,2025-07-04 08:30:00+00:00,22.182939829752986,48.99325085991958
316,1751618400,-0.24,2025-07-04 08:40:00+00:00,20.010423994406594,51.365491671880896
317,1751619000,-0.228,2025-07-04 08:50:00+00:00,17.823289846689082,53.734498389270215
318,1751619600,-0.217,2025-07-04 09:00:00+00:00,15.62357107542582,56.09917476672575
319,1751620200,-0.205,2025-07-04 09:10:00+00:00,13.412000218405295,58.45812061546764
320,1751620800,-0.194,2025-07-04 09:20:00+00:00,11.193118497651916,60.809543010838766
321,1751621400,-0.183,2025-07-04 09:30:00+00:00,8.969534191654983,63.15105480172419
322,1751622000,-0.172,2025-07-04 09:40:00+00:00,6.746833114495099,65.47941847845736
323,1751622600,-0.162,2025-07-04 09:50:00+00:00,4.536341854250258,67.79009879542936
324,1751623200,-0.152,2025-07-04 10:00:00+00:00,2.366444542676919,70.07656609179365
325,1751623800,-0.144,2025-07-04 10:10:00+00:00,0.3187223999647415,72.32904636684798
326,1751624400,-0.135,2025-07-04 10:20:00+00:00,-1.433510604770463,74.53233561949986
327,1751625000,-0.128,2025-07-04 10:30:00+00:00,-3.6462106841598625,76.66170173476469
328,1751625600,-0.121,2025-07-04 10:40:00+00:00,-6.980446074677046,78.67508440773355
329,1751626200,-0.115,2025-07-04 10:50:00+00:00,-9.3257738068744,80.49823948212837
330,1751626800,-0.11,2025-07-04 11:00:00+00:00,-11.622504316240292,81.99989755229069
331,1751627400,-0.105,2025-07-04 11:10:00+00:00,-13.921892622966965,82.9709045654564
332,1751628000,-0.101,2025-07-04 11:20:00+00:00,-16.223326571350054,83.18084408997507
333,1751628600,-0.098,2025-07-04 11:30:00+00:00,-18.526196567006142,82.5652664608385
334,1751629200,-0.095,2025-07-04 11:40:00+00:00,-20.829877647626166,81.298020482991
335,1751629800,-0.093,2025-07-04 11:50:00+00:00,-23.13373289807003,79.61541021114753
336,1751630400,-0.091,2025-07-04 12:00:00+00:00,-25.437089544704477,77.68701558202116
337,1751631000,-0.09,2025-07-04 12:10:00+00:00,-27.73924066295042,75.61177871592866
338,1751631600,-0.089,2025-07-04 12:20:00+00:00,-30.0394246867154,73.44531101309232
339,1751632200,-0.088,2025-07-04 12:30:00+00:00,-32.33681004046797,71.21963240034114
340,1751632800,-0.088,2025-07-04 12:40:00+00:00,-34.63047635621746,68.95401084132372
341,1751633400,-0.088,2025-07-04 12:50:00+00:00,-36.91939910558838,66.66054943124932
342,1751634000,-0.089,2025-07-04 13:00:00+00:00,-39.20241032623265,64.34721217069018
343,1751634600,-0.09,2025-07-04 13:10:00+00:00,-41.478174716167544,62.01940856946897
344,1751635200,-0.09,2025-07-04 13:20:00+00:00,-43.74513499226229,59.680970363710045
345,1751635800,-0.092,2025-07-04 13:30:00+00:00,-46.00146407891391,57.33466378002726
346,1751636400,-0.093,2025-07-04 13:40:00+00:00,-48.24497973068259,54.982582271401235
347,1751637000,-0.094,2025-07-04 13:50:00+00:00,-50.47306257002162,52.626307026624815
348,1751637600,-0.095,2025-07-04 14:00:00+00:00,-52.68252972877778,50.267087970316126
349,1751638200,-0.096,2025-07-04 14:10:00+00:00,-54.86945384817831,47.90593255537774
350,1751638800,-0.097,2025-07-04 14:20:00+00:00,-57.028951342966664,45.54366381960463
351,1751639400,-0.098,2025-07-04 14:30:00+00:00,-59.15486821270064,43.180968197008404
352,1751640000,-0.098,2025-07-04 14:40:00+00:00,-61.23939413606435,40.81843991404684
353,1751640600,-0.098,2025-07-04 14:50:00+00:00,-63.27246824441034,38.45659465000228
354,1751641200,-0.097,2025-07-04 15:00:00+00:00,-65.24106536699142,36.095900272832864
355,1751641800,-0.096,2025-07-04 15:10:00+00:00,-67.12820565353093,33.736776839172556
356,1751642400,-0.094,2025-07-04 15:20:00+00:00,-68.91169098922632,31.379630745276963
357,1751643000,-0.091,2025-07-04 15:30:00+00:00,-70.56267065502347,29.024851311928778
358,1751643600,-0.088,2025-07-04 15:40:00+00:00,-72.04427528978263,26.672826152363402
359,1751644200,-0.084,2025-07-04 15:50:00+00:00,-73.31109779590157,24.32396678547833
360,1751644800,-0.079,2025-07-04 16:00:00+00:00,-74.31082575452717,21.978720588664192
361,1751645400,-0.073,2025-07-04 16:10:00+00:00,-74.98984218067481,19.637610071392494
362,1751646000,-0.067,2025-07-04 16:20:00+00:00,-75.30351178811848,17.30128751672898
363,1751646600,-0.059,2025-07-04 16:30:00+00:00,-75.22850265065341,14.9701268775307
364,1751647200,-0.051,2025-07-04 16:40:00+00:00,-74.77055895737156,12.645206469912873
365,1751647800,-0.042,2025-07-04 16:50:00+00:00,-73.9625134276132,10.329411195026184
366,1751648400,-0.032,2025-07-04 17:00:00+00:00,-72.85387810267174,8.025744628558144
367,1751649000,-0.021,2025-07-04 17:10:00+00:00,-71.49875491096287,5.74129394554629
368,1751649600,-0.01,2025-07-04 17:20:00+00:00,-69.94722279948112,3.4931305634908325
369,1751650200,0.002,2025-07-04 17:30:00+00:00,-68.24144452597297,1.3292739139081347
370,1751650800,0.015,2025-07-04 17:40:00+00:00,-66.41507243247906,-0.6158481686607258
371,1751651400,0.028,2025-07-04 17:50:00+00:00,-64.49425248314222,-2.2443169183356826
372,1751652000,0.042,2025-07-04 18:00:00+00:00,-62.49899713223059,-5.7319327444019645
373,1751652600,0.056,2025-07-04 18:10:00+00:00,-60.44466064499834,-8.205678278279315
374,1751653200,0.071,2025-07-04 18:20:00+00:00,-58.343011437385414,-10.48184223428065
375,1751653800,0.087,2025-07-04 18:30:00+00:00,-56.20317122702836,-12.749631524585906
376,1751654400,0.103,2025-07-04 18:40:00+00:00,-54.03226731632609,-15.008406672734036
377,1751655000,0.119,2025-07-04 18:50:00+00:00,-51.83592095096553,-17.257458192825005
378,1751655600,0.136,2025-07-04 19:00:00+00:00,-49.61861273504219,-19.495994636688742
379,1751656200,0.153,2025-07-04 19:10:00+00:00,-47.38396266881619,-21.723121249543972
380,1751656800,0.171,2025-07-04 19:20:00+00:00,-45.13492480910356,-23.93783911622458
381,1751657400,0.189,2025-07-04 19:30:00+00:00,-42.873934118343406,-26.139011010233762
382,1751658000,0.207,2025-07-04 19:40:00+00:00,-40.60302599290839,-28.325351148460264
383,1751658600,0.226,2025-07-04 19:50:00+00:00,-38.32391822537478,-30.495394455327112
384,1751659200,0.245,2025-07-04 20:00:00+00:00,-36.03806906113037,-32.64746411939307
385,1751659800,0.263,2025-07-04 20:10:00+00:00,-33.74675233045536,-34.77963744240678
386,1751660400,0.282,2025-07-04 20:20:00+00:00,-31.451074523995295,-36.88969802798258
387,1751661000,0.301,2025-07-04 20:30:00+00:00,-29.152015773896075,-38.975094800465456
388,1751661600,0.319,2025-07-04 20:40:00+00:00,-26.850458882107926,-41.03286687285022
389,1751662200,0.336,2025-07-04 20:50:00+00:00,-24.547204688311027,-43.05957524488977
390,1751662800,0.354,2025-07-04 21:00:00+00:00,-22.24299085293574,-45.05121401063588
391,1751663400,0.37,2025-07-04 21:10:00+00:00,-19.93850893263553,-47.003107905601695
392,1751664000,0.385,2025-07-04 21:20:00+00:00,-17.63441633311801,-48.90979960864036
393,1751664600,0.399,2025-07-04 21:30:00+00:00,-15.331343139334116,-50.764889232499584
394,1751665200,0.412,2025-07-04 21:40:00+00:00,-13.029903214535501,-52.5609182106057
395,1751665800,0.424,2025-07-04 21:50:00+00:00,-10.730707006879236,-54.28917463667237
396,1751666400,0.434,2025-07-04 22:00:00+00:00,-8.434363256975097,-55.939532755255044
397,1751667000,0.442,2025-07-04 22:10:00+00:00,-5.993178515531667,-57.50033001834592
398,1751667600,0.449,2025-07-04 22:20:00+00:00,-2.4133705035958455,-58.958233896685144
399,1751668200,0.454,2025-07-04 22:30:00+00:00,-0.7950084061800975,-60.298282860895796
400,1751668800,0.456,2025-07-04 22:40:00+00:00,1.0934680361157911,-61.50402981545649
401,1751669400,0.457,2025-07-04 22:50:00+00:00,3.2058758588885445,-62.55792800438946
402,1751670000,0.456,2025-07-04 23:00:00+00:00,5.398199456271386,-63.44204818112342
403,1751670600,0.453,2025-07-04 23:10:00+00:00,7.616663254824925,-64.13911679724741
404,1751671200,0.448,2025-07-04 23:20:00+00:00,9.841876560938905,-64.63384788939895
405,1751671800,0.441,2025-07-04 23:30:00+00:00,12.065458305614898,-64.9143569284222
406,1751672400,0.432,2025-07-04 23:40:00+00:00,14.282926177210083,-64.97354734776953
407,1751673000,0.422,2025-07-04 23:50:00+00:00,16.491913515177053,-64.80993016620188
408,1751673600,0.409,2025-07-05 00:00:00+00:00,18.688545040935466,-64.42782889346385
409,1751674200,0.395,2025-07-05 00:10:00+00:00,20.871881603474453,-63.8368467755285
410,1751674800,0.38,2025-07-05 00:20:00+00:00,23.03991171208344,-63.05074664357339
411,1751675400,0.363,2025-07-05 00:30:00+00:00,25.190574357180378,-62.08599608368743
412,1751676000,0.344,2025-07-05 00:40:00+00:00,27.321673632947107,-60.9603877386585
413,1751676600,0.324,2025-07-05 00:50:00+00:00,29.430813850532243,-59.69180987392286
414,1751677200,0.303,2025-07-05 01:00:00+00:00,31.515339773895946,-58.29737211335139
415,1751677800,0.281,2025-07-05 01:10:00+00:00,33.57228197829655,-56.79287951468351
416,1751678400,0.258,2025-07-05 01:20:00+00:00,35.59830050122993,-55.19253887139284
417,1751679000,0.233,2025-07-05 01:30:00+00:00,37.589621663179635,-53.50889041079552
418,1751679600,0.207,2025-07-05 01:40:00+00:00,39.541966350630666,-51.752862435563586
419,1751680200,0.181,2025-07-05 01:50:00+00:00,41.450478299083144,-49.9338908520354
420,1751680800,0.154,2025-07-05 02:00:00+00:00,43.30963871568769,-48.060083094755754
421,1751681400,0.126,2025-07-05 02:10:00+00:00,45.11317748678624,-46.13838546611057
422,1751682000,0.097,2025-07-05 02:20:00+00:00,46.85400487602032,-44.174733400488584
423,1751682600,0.068,2025-07-05 02:30:00+00:00,48.52410224130433,-42.17421197372686
424,1751683200,0.039,2025-07-05 02:40:00+00:00,50.114484468785115,-40.14116860123213
425,1751683800,0.009,2025-07-05 02:50:00+00:00,51.61514533132862,-38.07933939648038
426,1751684400,-0.02,2025-07-05 03:00:00+00:00,53.01507114889819,-35.99194137857069
427,1751685000,-0.05,2025-07-05 03:10:00+00:00,54.302326165919226,-33.881740774116906
428,1751685600,-0.079,2025-07-05 03:20:00+00:00,55.46424379657595,-31.751138394612298
429,1751686200,-0.108,2025-07-05 03:30:00+00:00,56.48771349275651,-29.60222427794288
430,1751686800,-0.136,2025-07-05 03:40:00+00:00,57.35965544220034,-27.436806716691425
431,1751687400,-0.164,2025-07-05 03:50:00+00:00,58.06761137986133,-25.256482267576416
432,1751688000,-0.191,2025-07-05 04:00:00+00:00,58.600441267203195,-23.062645996735828
433,1751688600,-0.217,2025-07-05 04:10:00+00:00,58.94910876395401,-20.85653075331485
434,1751689200,-0.242,2025-07-05 04:20:00+00:00,59.107357416834034,-18.63922766003339
435,1751689800,-0.266,2025-07-05 04:30:00+00:00,59.07225024450017,-16.411710018848176
436,1751690400,-0.289,2025-07-05 04:40:00+00:00,58.844449775301904,-14.174848678878387
437,1751691000,-0.311,2025-07-05 04:50:00+00:00,58.42812925482212,-11.929423989236692
438,1751691600,-0.332,2025-07-05 05:00:00+00:00,57.830624306229396,-9.676143728275838
439,1751692200,-0.351,2025-07-05 05:10:00+00:00,57.061821628347346,-7.386333054312815
440,1751692800,-0.369,2025-07-05 05:20:00+00:00,56.13342475031878,-4.641916942024792
441,1751693400,-0.386,2025-07-05 05:30:00+00:00,55.05818905041869,-1.7193553021959664
442,1751694000,-0.401,2025-07-05 05:40:00+00:00,53.849269472988524,-0.03089286890974167
443,1751694600,-0.415,2025-07-05 05:50:00+00:00,52.51965703782965,1.9852218030208881
444,1751695200,-0.427,2025-07-05 06:00:00+00:00,51.081782689231495,4.1612761032441705
445,1751695800,-0.438,2025-07-05 06:10:00+00:00,49.54726457897224,6.398909681476996
446,1751696400,-0.447,2025-07-05 06:20:00+00:00,47.926750971967934,8.66427596217419
447,1751697000,-0.455,2025-07-05 06:30:00+00:00,46.22987926513748,10.944640484515084
448,1751697600,-0.461,2025-07-05 06:40:00+00:00,44.46527940249717,13.234360658471603
449,1751698200,-0.466,2025-07-05 06:50:00+00:00,42.64062510157952,15.531314002759165
450,1751698800,-0.469,2025-07-05 07:00:00+00:00,40.76269532513578,17.831602186908988
451,1751699400,-0.471,2025-07-05 07:10:00+00:00,38.83748014906804,20.135484758109527
452,1751700000,-0.471,2025-07-05 07:20:00+00:00,36.87024564922638,22.442020857802618
453,1751700600,-0.469,2025-07-05 07:30:00+00:00,34.86563293915183,24.750450627443094
454,1751701200,-0.466,2025-07-05 07:40:00+00:00,32.82772988706263,27.06009958585042
455,1751701800,-0.461,2025-07-05 07:50:00+00:00,30.76014283284056,29.37032569524261
456,1751702400,-0.454,2025-07-05 08:00:00+00:00,28.66606830501718,31.68049033293227
457,1751703000,-0.446,2025-07-05 08:10:00+00:00,26.54835961511826,33.989927555475326
458,1751703600,-0.437,2025-07-05 08:20:00+00:00,24.409566131251513,36.2979236081035
459,1751704200,-0.426,2025-07-05 08:30:00+00:00,22.252008410187447,38.60369301906226
460,1751704800,-0.413,2025-07-05 08:40:00+00:00,20.077820886041696,40.906354693948664
461,1751705400,-0.4,2025-07-05 08:50:00+00:00,17.889038955186916,43.20490459495471
462,1751706000,-0.385,2025-07-05 09:00:00+00:00,15.687682646070146,45.49816792954318
463,1751706600,-0.37,2025-07-05 09:10:00+00:00,13.474500718179142,47.78476841459629
464,1751707200,-0.353,2025-07-05 09:20:00+00:00,11.253973775609436,50.06304972924033
465,1751707800,-0.336,2025-07-05 09:30:00+00:00,9.028689606282818,52.33101404314307
466,1751708400,-0.318,2025-07-05 09:40:00+00:00,6.804149500688907,54.58618541273037
467,1751709000,-0.301,2025-07-05 09:50:00+00:00,4.591461480852261,56.82548683778115
468,1751709600,-0.282,2025-07-05 10:00:00+00:00,2.418348003953492,59.04501145009016
469,1751710200,-0.264,2025-07-05 10:10:00+00:00,0.36447583618267354,61.239715154955334
470,1751710800,-0.247,2025-07-05 10:20:00+00:00,-1.3972474229195728,63.40302048020597
471,1751711400,-0.229,2025-07-05 10:30:00+00:00,-3.496725804315198,65.52617795351526
472,1751712000,-0.212,2025-07-05 10:40:00+00:00,-6.927534306724249,67.5973508570516
473,1751712600,-0.195,2025-07-05 10:50:00+00:00,-9.277815633617156,69.60032432172534
474,1751713200,-0.18,2025-07-05 11:00:00+00:00,-11.576030001580232,71.51255189308631
475,1751713800,-0.164,2025-07-05 11:10:00+00:00,-13.87691582728243,73.3025054179257
476,1751714400,-0.15,2025-07-05 11:20:00+00:00,-16.179867785208558,74.92629410063702
477,1751715000,-0.136,2025-07-05 11:30:00+00:00,-18.484281403617064,76.32437918222527
478,1751715600,-0.124,2025-07-05 11:40:00+00:00,-20.78953684284078,77.42115729876758
479,1751716200,-0.112,2025-07-05 11:50:00+00:00,-23.09500060283418,78.13274689706702
480,1751716800,-0.101,2025-07-05 12:00:00+00:00,-25.40001015524777,78.38818914183632
481,1751717400,-0.09,2025-07-05 12:10:00+00:00,-27.70386369814434,78.15810738945528
482,1751718000,-0.081,2025-07-05 12:20:00+00:00,-30.005809910715183,77.46948088714542
483,1751718600,-0.072,2025-07-05 12:30:00+00:00,-32.30502234007073,76.39208001727845
484,1751719200,-0.064,2025-07-05 12:40:00+00:00,-34.60059769369324,75.00989561607798
485,1751719800,-0.056,2025-07-05 12:50:00+00:00,-36.891521688490975,73.39930285884311
486,1751720400,-0.049,2025-07-05 13:00:00+00:00,-39.17663660739961,71.62070793859345
487,1751721000,-0.043,2025-07-05 13:10:00+00:00,-41.454627639003924,69.71873931136585
488,1751721600,-0.038,2025-07-05 13:20:00+00:00,-43.723957990740665,67.72547154550269
489,1751722200,-0.033,2025-07-05 13:30:00+00:00,-45.982817662479775,65.66382675585854
490,1751722800,-0.028,2025-07-05 13:40:00+00:00,-48.2290551446327,63.550320339846465
491,1751723400,-0.024,2025-07-05 13:50:00+00:00,-50.460088625693174,61.3969529398382
492,1751724000,-0.021,2025-07-05 14:00:00+00:00,-52.67276597335925,59.21262429232227
493,1751724600,-0.018,2025-07-05 14:10:00+00:00,-54.86321105527692,57.00403139777987
494,1751725200,-0.015,2025-07-05 14:20:00+00:00,-57.02659492770301,54.776272992426414
495,1751725800,-0.013,2025-07-05 14:30:00+00:00,-59.15683530718161,52.53332424635885
496,1751726400,-0.012,2025-07-05 14:40:00+00:00,-61.24619017428851,50.2783236315008
497,1751727000,-0.01,2025-07-05 14:50:00+00:00,-63.284707943403006,48.01377441218307
498,1751727600,-0.009,2025-07-05 15:00:00+00:00,-65.25946589661544,45.74172564515666
499,1751728200,-0.008,2025-07-05 15:10:00+00:00,-67.15360029686504,43.463860972052
500,1751728800,-0.007,2025-07-05 15:20:00+00:00,-68.94502231237598,41.181597657121834
501,1751729400,-0.006,2025-07-05 15:30:00+00:00,-70.60494269579667,38.89613098347094
502,1751730000,-0.005,2025-07-05 15:40:00+00:00,-72.09649208598738,36.60850597004232
503,1751730600,-0.003,2025-07-05 15:50:00+00:00,-73.37403798910324,34.31963103199559
504,1751731200,-0.001,2025-07-05 16:00:00+00:00,-74.38476255229256,32.03032920712574
505,1751731800,0.001,2025-07-05 16:10:00+00:00,-75.07421550749199,29.7413415709577
506,1751732400,0.003,2025-07-05 16:20:00+00:00,-75.39671654953248,27.45336480278683
507,1751733000,0.006,2025-07-05 16:30:00+00:00,-75.32799118610382,25.167076798888242
508,1751733600,0.01,2025-07-05 16:40:00+00:00,-74.87337379494777,22.883143502706016
509,1751734200,0.014,2025-07-05 16:50:00+00:00,-74.0659224916472,20.60226671617737
510,1751734800,0.019,2025-07-05 17:00:00+00:00,-72.95580501565586,18.325216543131223
511,1751735400,0.025,2025-07-05 17:10:00+00:00,-71.59784729544143,16.05291505910553
512,1751736000,0.031,2025-07-05 17:20:00+00:00,-70.04274299502374,13.785241882016164
513,1751736600,0.038,2025-07-05 17:30:00+00:00,-68.3330920042562,11.525619790410953
514,1751737200,0.046,2025-07-05 17:40:00+00:00,-66.50281987274622,9.275892935365798
515,1751737800,0.054,2025-07-05 17:50:00+00:00,-64.57820233823085,7.040608942207457
516,1751738400,0.063,2025-07-05 18:00:00+00:00,-62.57934064743745,4.829324526245248
517,1751739000,0.073,2025-07-05 18:10:00+00:00,-60.52159589580936,2.6658119474419895
518,1751739600,0.084,2025-07-05 18:20:00+00:00,-58.416763820043215,0.6172495847401949
519,1751740200,0.095,2025-07-05 18:30:00+00:00,-56.27394223211345,-1.1594359241104784
520,1751740800,0.106,2025-07-05 18:40:00+00:00,-54.10024477404065,-2.8212721755933576
521,1751741400,0.119,2025-07-05 18:50:00+00:00,-51.901272200944206,-6.42041837406019
522,1751742000,0.132,2025-07-05 19:00:00+00:00,-49.68148804144674,-8.729637457436626
523,1751742600,0.145,2025-07-05 19:10:00+00:00,-47.4445020505246,-10.931982436435757
524,1751743200,0.159,2025-07-05 19:20:00+00:00,-45.19324096423713,-13.123823438265054
525,1751743800,0.174,2025-07-05 19:30:00+00:00,-42.930132914834275,-15.30427851474794
526,1751744400,0.189,2025-07-05 19:40:00+00:00,-40.65719622321576,-17.47237863279592
527,1751745000,0.205,2025-07-05 19:50:00+00:00,-38.37613502157953,-19.62704718384107
528,1751745600,0.221,2025-07-05 20:00:00+00:00,-36.08840414021878,-21.767088884778637
529,1751746200,0.237,2025-07-05 20:10:00+00:00,-33.79526374903537,-23.891170141173177
530,1751746800,0.254,2025-07-05 20:20:00+00:00,-31.497806678296524,-25.99779684914375
531,1751747400,0.271,2025-07-05 20:30:00+00:00,-29.197009645053537,-28.085290489701823
532,1751748000,0.289,2025-07-05 20:40:00+00:00,-26.893750328614757,-30.151757392900013
533,1751748600,0.307,2025-07-05 20:50:00+00:00,-24.588819323376622,-32.19506312462269
534,1751749200,0.324,2025-07-05 21:00:00+00:00,-22.282949167127605,-34.212786382809085
535,1751749800,0.342,2025-07-05 21:10:00+00:00,-19.976828001426593,-36.202178016318264
536,1751750400,0.359,2025-07-05 21:20:00+00:00,-17.671104694244736,-38.16011321360495
537,1751751000,0.376,2025-07-05 21:30:00+00:00,-15.366404207891085,-40.0830266159224
538,1751751600,0.393,2025-07-05 21:40:00+00:00,-13.063338698070007,-41.96685767580903
539,1751752200,0.408,2025-07-05 21:50:00+00:00,-10.762510075202108,-43.806968694818416
540,1751752800,0.423,2025-07-05 22:00:00+00:00,-8.46452366480258,-45.59808335181671
541,1751753400,0.437,2025-07-05 22:10:00+00:00,-6.026324569800092,-47.33417400486138
542,1751754000,0.449,2025-07-05 22:20:00+00:00,-2.434773968577138,-49.00840363459325
543,1751754600,0.461,2025-07-05 22:30:00+00:00,-0.8138099426135856,-50.61304046687186
544,1751755200,0.47,2025-07-05 22:40:00+00:00,1.0725629615004977,-52.13938967088378
545,1751755800,0.478,2025-07-05 22:50:00+00:00,3.185229264244654,-53.57775920819677
546,1751756400,0.484,2025-07-05 23:00:00+00:00,5.378830747332523,-54.9174700780435
547,1751757000,0.488,2025-07-05 23:10:00+00:00,7.598932083739571,-56.14696218525374
548,1751757600,0.49,2025-07-05 23:20:00+00:00,9.825947706020788,-57.25395826479439
549,1751758200,0.49,2025-07-05 23:30:00+00:00,12.0514384885698,-58.225784900660486
550,1751758800,0.488,2025-07-05 23:40:00+00:00,14.270903336723569,-59.049833563644185
551,1751759400,0.484,2025-07-05 23:50:00+00:00,16.48197388238739,-59.71416508307631
552,1751760000,0.478,2025-07-06 00:00:00+00:00,18.6807705781127,-60.2081994959325
553,1751760600,0.469,2025-07-06 00:10:00+00:00,20.866364518172375,-60.52347419783112
554,1751761200,0.459,2025-07-06 00:20:00+00:00,23.0367544571396,-60.65430647138271
555,1751761800,0.446,2025-07-06 00:30:00+00:00,25.189884508074204,-60.59831258056695
556,1751762400,0.432,2025-07-06 00:40:00+00:00,27.323569010441783,-60.35661267640771
557,1751763000,0.415,2025-07-06 00:50:00+00:00,29.435420813127415,-59.93373517432471
558,1751763600,0.397,2025-07-06 01:00:00+00:00,31.522801755564185,-59.33720011259413
559,1751764200,0.377,2025-07-06 01:10:00+00:00,33.58275265829418,-58.576938586269186
560,1751764800,0.356,2025-07-06 01:20:00+00:00,35.61194380409703,-57.66450044523635
561,1751765400,0.333,2025-07-06 01:30:00+00:00,37.606618588929216,-56.61236103001466
562,1751766000,0.308,2025-07-06 01:40:00+00:00,39.56251155965407,-55.43327230378453
563,1751766600,0.282,2025-07-06 01:50:00+00:00,41.47477669705546,-54.13974375801083
564,1751767200,0.255,2025-07-06 02:00:00+00:00,43.337908868662375,-52.743670167133146
565,1751767800,0.227,2025-07-06 02:10:00+00:00,45.145651621195064,-51.25611302251232
566,1751768400,0.197,2025-07-06 02:20:00+00:00,46.89091521829506,-49.687163928647024
567,1751769000,0.166,2025-07-06 02:30:00+00:00,48.56569126316053,-48.045927527700904
568,1751769600,0.135,2025-07-06 02:40:00+00:00,50.160987811749145,-46.34051466931334
569,1751770200,0.102,2025-07-06 02:50:00+00:00,51.66678156145392,-44.57811754268037
570,1751770800,0.069,2025-07-06 03:00:00+00:00,53.072038341670684,-42.76507797844633
571,1751771400,0.035,2025-07-06 03:10:00+00:00,54.364774585500655,-40.906965995879375
572,1751772000,0.001,2025-07-06 03:20:00+00:00,55.53225882033094,-39.008678840614415
573,1751772600,-0.033,2025-07-06 03:30:00+00:00,56.561308781063396,-37.07450245635562
574,1751773200,-0.068,2025-07-06 03:40:00+00:00,57.43873537241075,-35.10819686224108
575,1751773800,-0.102,2025-07-06 03:50:00+00:00,58.15196421611099,-33.11307128492367
576,1751774400,-0.137,2025-07-06 04:00:00+00:00,58.689732330222775,-31.092031969895235
577,1751775000,-0.171,2025-07-06 04:10:00+00:00,59.04286677069077,-29.047633407905355
578,1751775600,-0.205,2025-07-06 04:20:00+00:00,59.204988140830196,-26.982143221758477
579,1751776200,-0.238,2025-07-06 04:30:00+00:00,59.17308432721707,-24.89756094933412
580,1751776800,-0.27,2025-07-06 04:40:00+00:00,58.94774955630918,-22.79566756245837
581,1751777400,-0.301,2025-07-06 04:50:00+00:00,58.53314341331106,-20.678049372565955
582,1751778000,-0.331,2025-07-06 05:00:00+00:00,57.936628842148,-18.546128766551533
583,1751778600,-0.36,2025-07-06 05:10:00+00:00,57.16815059825152,-16.401176159600723
584,1751779200,-0.388,2025-07-06 05:20:00+00:00,56.23947709756157,-14.24434499990962
585,1751779800,-0.414,2025-07-06 05:30:00+00:00,55.163462756096095,-12.076676891326644
586,1751780400,-0.439,2025-07-06 05:40:00+00:00,53.95335131065577,-9.89912293769372
587,1751781000,-0.462,2025-07-06 05:50:00+00:00,52.622219158406565,-7.69644071810432
588,1751781600,-0.483,2025-07-06 06:00:00+00:00,51.182579205907956,-5.21237476839108
589,1751782200,-0.503,2025-07-06 06:10:00+00:00,49.64611449173525,-2.02042545177678
590,1751782800,-0.521,2025-07-06 06:20:00+00:00,48.02353475250702,-0.44051785299673296
591,1751783400,-0.537,2025-07-06 06:30:00+00:00,46.32452178137176,1.4532834688091212
592,1751784000,-0.552,2025-07-06 06:40:00+00:00,44.557736258197046,3.538189108001995
593,1751784600,-0.564,2025-07-06 06:50:00+00:00,42.73088263636666,5.698746135885342
594,1751785200,-0.575,2025-07-06 07:00:00+00:00,40.850763784293925,7.892601189746147
595,1751785800,-0.584,2025-07-06 07:10:00+00:00,38.92338002316471,10.103915914672797
596,1751786400,-0.591,2025-07-06 07:20:00+00:00,36.95400767411284,12.3257644988469
597,1751787000,-0.595,2025-07-06 07:30:00+00:00,34.9472946808685,14.554619149562143
598,1751787600,-0.598,2025-07-06 07:40:00+00:00,32.907332326744545,16.78864766857367
599,1751788200,-0.599,2025-07-06 07:50:00+00:00,30.837733781811906,19.02508382926763
600,1751788800,-0.598,2025-07-06 08:00:00+00:00,28.74169215950756,21.263734678799963
601,1751789400,-0.594,2025-07-06 08:10:00+00:00,26.622057356262697,23.503591056720804
602,1751790000,-0.589,2025-07-06 08:20:00+00:00,24.48138044773232,25.743729179944907
603,1751790600,-0.582,2025-07-06 08:30:00+00:00,22.321975160497768,27.983257708785587
604,1751791200,-0.573,2025-07-06 08:40:00+00:00,20.145975928674666,30.221268228083233
605,1751791800,-0.562,2025-07-06 08:50:00+00:00,17.95540790335193,32.45680280380675
606,1751792400,-0.549,2025-07-06 09:00:00+00:00,15.752284282787418,34.68883349248605
607,1751793000,-0.534,2025-07-06 09:10:00+00:00,13.537363217979001,36.91621965252974
608,1751793600,-0.518,2025-07-06 09:20:00+00:00,11.315068110187909,39.137690868752195
609,1751794200,-0.5,2025-07-06 09:30:00+00:00,9.087967110542067,41.35179231086021
610,1751794800,-0.48,2025-07-06 09:40:00+00:00,6.86147869348741,43.55685399760172
611,1751795400,-0.46,2025-07-06 09:50:00+00:00,4.646497864523755,45.75092590996867
612,1751796000,-0.438,2025-07-06 10:00:00+00:00,2.4701086715877296,47.93169602892702
613,1751796600,-0.416,2025-07-06 10:10:00+00:00,0.410116787722712,50.096425448619605
614,1751797200,-0.392,2025-07-06 10:20:00+00:00,-1.3611579840056949,52.241798112204364
615,1751797800,-0.368,2025-07-06 10:30:00+00:00,-3.366703335067073,54.36378079297642
616,1751798400,-0.344,2025-07-06 10:40:00+00:00,-6.875164685036823,56.457407943409166
617,1751799000,-0.32,2025-07-06 10:50:00+00:00,-9.230607927394967,58.51651190268208
618,1751799600,-0.296,2025-07-06 11:00:00+00:00,-11.530406899245486,60.53337797212764
619,1751800200,-0.272,2025-07-06 11:10:00+00:00,-13.832892696760759,62.498225320854374
620,1751800800,-0.248,2025-07-06 11:20:00+00:00,-16.137464263293825,64.39862983476205
621,1751801400,-0.225,2025-07-06 11:30:00+00:00,-18.44352054219772,66.21871815421953
622,1751802000,-0.203,2025-07-06 11:40:00+00:00,-20.75045108531538,67.93821144758108
623,1751802600,-0.181,2025-07-06 11:50:00+00:00,-23.057627515243162,69.53138039224324
624,1751803200,-0.161,2025-07-06 12:00:00+00:00,-25.36439413382074,70.96617774062031
625,1751803800,-0.141,2025-07-06 12:10:00+00:00,-27.67005596930007,72.20400609371255
626,1751804400,-0.122,2025-07-06 12:20:00+00:00,-29.973868531061616,73.20107710875101
627,1751805000,-0.104,2025-07-06 12:30:00+00:00,-32.27502073414144,73.91246863156452
628,1751805600,-0.088,2025-07-06 12:40:00+00:00,-34.57261782375828,74.29926224426234
629,1751806200,-0.072,2025-07-06 12:50:00+00:00,-36.86565576210413,74.33747032247939
630,1751806800,-0.057,2025-07-06 13:00:00+00:00,-39.1529973226822,74.02473645095202
631,1751807400,-0.044,2025-07-06 13:10:00+00:00,-41.433337939360996,73.38109357451586
632,1751808000,-0.031,2025-07-06 13:20:00+00:00,-43.70516472523938,72.44318565806805
633,1751808600,-0.019,2025-07-06 13:30:00+00:00,-45.96669500094396,71.25547723310537
634,1751809200,-0.008,2025-07-06 13:40:00+00:00,-48.21580116254829,69.86252162358379
635,1751809800,0.002,2025-07-06 13:50:00+00:00,-50.449935549491954,68.30424128520207
636,1751810400,0.011,2025-07-06 14:00:00+00:00,-52.665987010608006,66.61411780527158
637,1751811000,0.019,2025-07-06 14:10:00+00:00,-54.86012722486666,64.81917824233807
638,1751811600,0.026,2025-07-06 14:20:00+00:00,-57.02758530513266,62.94078059793618
639,1751812200,0.033,2025-07-06 14:30:00+00:00,-59.16234726984181,60.9956451751541
640,1751812800,0.039,2025-07-06 14:40:00+00:00,-61.25676330712369,58.99687910700908
641,1751813400,0.044,2025-07-06 14:50:00+00:00,-63.30096379362764,56.9547584131074
642,1751814000,0.048,2025-07-06 15:00:00+00:00,-65.28215578503821,54.877411018561375
643,1751814600,0.052,2025-07-06 15:10:00+00:00,-67.18357116694305,52.77131194270419
644,1751815200,0.055,2025-07-06 15:20:00+00:00,-68.98325088116054,50.6416623745888
645,1751815800,0.057,2025-07-06 15:30:00+00:00,-70.65246032185244,48.49268678621685
646,1751816400,0.059,2025-07-06 15:40:00+00:00,-72.15430280712236,46.32785149859214
647,1751817000,0.061,2025-07-06 15:50:00+00:00,-73.44292044688282,44.15002860626065
648,1751817600,0.062,2025-07-06 16:00:00+00:00,-74.46495580333767,41.96162233581022
649,1751818200,0.063,2025-07-06 16:10:00+00:00,-75.16504336307482,39.764674913802686
650,1751818800,0.064,2025-07-06 16:20:00+00:00,-75.49639633027965,37.56092803847641
651,1751819400,0.064,2025-07-06 16:30:00+00:00,-75.4337703257798,35.351901426921714
652,1751820000,0.065,2025-07-06 16:40:00+00:00,-74.98208991596685,33.13892013583758
653,1751820600,0.066,2025-07-06 16:50:00+00:00,-74.17470008436882,30.92317603323418
654,1751821200,0.068,2025-07-06 17:00:00+00:00,-73.06247891011311,28.705744873905783
655,1751821800,0.07,2025-07-06 17:10:00+00:00,-71.70106511417866,26.487620450376628
656,1751822400,0.072,2025-07-06 17:20:00+00:00,-70.14180805874561,24.269741913657597
657,1751823000,0.074,2025-07-06 17:30:00+00:00,-68.4277515959634,22.053029631739346
658,1751823600,0.078,2025-07-06 17:40:00+00:00,-66.59310131319545,19.83841251034899
659,1751824200,0.082,2025-07-06 17:50:00+00:00,-64.66425589158385,17.62688434201078
660,1751824800,0.086,2025-07-06 18:00:00+00:00,-62.66141220050432,15.41951917397169
661,1751825400,0.092,2025-07-06 18:10:00+00:00,-60.599938165589414,13.216423727937503
662,1751826000,0.098,2025-07-06 18:20:00+00:00,-58.49162269334656,11.021406688144149
663,1751826600,0.104,2025-07-06 18:30:00+00:00,-56.345556765561035,8.83651967266357
664,1751827200,0.112,2025-07-06 18:40:00+00:00,-54.16882670349674,6.6667508540239915
665,1751827800,0.12,2025-07-06 18:50:00+00:00,-51.96701277170558,4.52244754193116
666,1751828400,0.129,2025-07-06 19:00:00+00:00,-49.744561423337224,2.4290468549580826
667,1751829000,0.139,2025-07-06 19:10:00+00:00,-47.50505509261135,0.45645375154743056
668,1751829600,0.15,2025-07-06 19:20:00+00:00,-45.251406855208955,-1.2450605629279337
669,1751830200,0.161,2025-07-06 19:30:00+00:00,-42.986024352812485,-2.884356869984653
670,1751830800,0.173,2025-07-06 19:40:00+00:00,-40.710912245943334,-6.405721087626791
671,1751831400,0.186,2025-07-06 19:50:00+00:00,-38.42776100642107,-8.64786472514594
672,1751832000,0.199,2025-07-06 20:00:00+00:00,-36.138015219255166,-10.780351383087828
673,1751832600,0.213,2025-07-06 20:10:00+00:00,-33.842921393969135,-12.900855327904573
674,1751833200,0.228,2025-07-06 20:20:00+00:00,-31.543565530641022,-15.008316172727532
675,1751833800,0.243,2025-07-06 20:30:00+00:00,-29.240917516132964,-17.10157107785051
676,1751834400,0.259,2025-07-06 20:40:00+00:00,-26.935843076922254,-19.179343651672365
677,1751835000,0.275,2025-07-06 20:50:00+00:00,-24.62912768476345,-21.240233705413242
678,1751835600,0.292,2025-07-06 21:00:00+00:00,-22.321497047255864,-23.28268224839508
679,1751836200,0.309,2025-07-06 21:10:00+00:00,-20.013632475769207,-25.304969780494336
680,1751836800,0.326,2025-07-06 21:20:00+00:00,-17.70617771563275,-27.305177018554232
681,1751837400,0.343,2025-07-06 21:30:00+00:00,-15.39975089896638,-29.28116440581726
682,1751838000,0.361,2025-07-06 21:40:00+00:00,-13.094959912606226,-31.230541376073923
683,1751838600,0.379,2025-07-06 21:50:00+00:00,-10.792401544331023,-33.150633910264155
684,1751839200,0.396,2025-07-06 22:00:00+00:00,-8.49267599701408,-35.03844014024774
685,1751839800,0.413,2025-07-06 22:10:00+00:00,-6.056892227656839,-36.890592782763854
686,1751840400,0.429,2025-07-06 22:20:00+00:00,-2.4546615584495113,-38.70330791301231
687,1751841000,0.445,2025-07-06 22:30:00+00:00,-0.8308495036846221,-40.47234398351854
688,1751841600,0.46,2025-07-06 22:40:00+00:00,1.0538199619226307,-42.19294718262021
689,1751842200,0.474,2025-07-06 22:50:00+00:00,3.166971101376152,-43.85979337785929
690,1751842800,0.487,2025-07-06 23:00:00+00:00,5.361999880557142,-45.466943719752464
691,1751843400,0.498,2025-07-06 23:10:00+00:00,7.583862125109584,-47.00780366065608
692,1751844000,0.507,2025-07-06 23:20:00+00:00,9.812794469226636,-48.47509904910407
693,1751844600,0.515,2025-07-06 23:30:00+00:00,12.040305280222679,-49.860869299618784
694,1751845200,0.521,2025-07-06 23:40:00+00:00,14.261877241735396,-51.15648446818392
695,1751845800,0.525,2025-07-06 23:50:00+00:00,16.475140278122794,-52.35274428998747
696,1751846400,0.526,2025-07-07 00:00:00+00:00,18.676216549483595,-53.43999770773219
697,1751847000,0.526,2025-07-07 00:10:00+00:00,20.864187395374433,-54.408351192405334
698,1751847600,0.523,2025-07-07 00:20:00+00:00,23.037051570368497,-55.24795902631833
699,1751848200,0.518,2025-07-07 00:30:00+00:00,25.192771970545827,-55.94938871822737
700,1751848800,0.51,2025-07-07 00:40:00+00:00,27.329166350466608,-56.50404105996743
701,1751849400,0.5,2025-07-07 00:50:00+00:00,29.443862926941552,-56.90461799441034
702,1751850000,0.488,2025-07-07 01:00:00+00:00,31.5342320771402,-57.14555291738253
703,1751850600,0.473,2025-07-07 01:10:00+00:00,33.59732828198299,-57.223389753164
704,1751851200,0.456,2025-07-07 01:20:00+00:00,35.62983889972246,-57.13702884129836
705,1751851800,0.437,2025-07-07 01:30:00+00:00,37.62801757159886,-56.887802068673764
706,1751852400,0.417,2025-07-07 01:40:00+00:00,39.587609089759276,-56.47938407706368
707,1751853000,0.394,2025-07-07 01:50:00+00:00,41.503784510460505,-55.917529300843846
708,1751853600,0.369,2025-07-07 02:00:00+00:00,43.37105236160986,-55.2096997216825
709,1751854200,0.343,2025-07-07 02:10:00+00:00,45.18316643521136,-54.36460724586599
710,1751854800,0.314,2025-07-07 02:20:00+00:00,46.93304041000112,-53.39177315709732
711,1751855400,0.285,2025-07-07 02:30:00+00:00,48.612672719366465,-52.30109439948383
712,1751856000,0.254,2025-07-07 02:40:00+00:00,50.21305775888674,-51.1024849926058
713,1751856600,0.221,2025-07-07 02:50:00+00:00,51.72416198067119,-49.805599408855045
714,1751857200,0.187,2025-07-07 03:00:00+00:00,53.134917063169816,-48.41962766775981
715,1751857800,0.152,2025-07-07 03:10:00+00:00,54.43329845834881,-46.95317239257973
716,1751858400,0.116,2025-07-07 03:20:00+00:00,55.60650639170356,-45.41416684803578
717,1751859000,0.079,2025-07-07 03:30:00+00:00,56.64126639058215,-43.80985786483733
718,1751859600,0.042,2025-07-07 03:40:00+00:00,57.52428349176515,-42.146802424587605
719,1751860200,0.003,2025-07-07 03:50:00+00:00,58.24286037358552,-40.43091547110783
720,1751860800,-0.035,2025-07-07 04:00:00+00:00,58.78560086541307,-38.66749040100476
721,1751861400,-0.075,2025-07-07 04:10:00+00:00,59.14318175903075,-36.86126053537323
722,1751862000,-0.114,2025-07-07 04:20:00+00:00,59.30912803510538,-35.01645034621488
723,1751862600,-0.153,2025-07-07 04:30:00+00:00,59.28031829718627,-33.13682668285698
724,1751863200,-0.192,2025-07-07 04:40:00+00:00,59.05729213021784,-31.22574316818199
725,1751863800,-0.231,2025-07-07 04:50:00+00:00,58.644209119404636,-29.286194840140976
726,1751864400,-0.269,2025-07-07 05:00:00+00:00,58.048445869050276,-27.32085230269941
727,1751865000,-0.307,2025-07-07 05:10:00+00:00,57.28002226666716,-25.33210782961409
728,1751865600,-0.343,2025-07-07 05:20:00+00:00,56.35078527537068,-23.322099270095226
729,1751866200,-0.379,2025-07-07 05:30:00+00:00,55.27369176401635,-21.29275273748876
730,1751866800,-0.413,2025-07-07 05:40:00+00:00,54.062077676958616,-19.245801392296592
731,1751867400,-0.446,2025-07-07 05:50:00+00:00,52.72911844910644,-17.182809347838646
732,1751868000,-0.477,2025-07-07 06:00:00+00:00,51.2874123643839,-15.105200698556871
733,1751868600,-0.507,2025-07-07 06:10:00+00:00,49.74870734816342,-13.014266350204403
734,1751869200,-0.535,2025-07-07 06:20:00+00:00,48.12377802386071,-10.911190486828591
735,1751869800,-0.561,2025-07-07 06:30:00+00:00,46.42235058085385,-8.79706081605476
736,1751870400,-0.585,2025-07-07 06:40:00+00:00,44.65312326505086,-6.591734886369742
737,1751871000,-0.606,2025-07-07 06:50:00+00:00,42.823824435497606,-3.1572427775639382
738,1751871600,-0.626,2025-07-07 07:00:00+00:00,40.94128086626952,-1.3921563706669746
739,1751872200,-0.644,2025-07-07 07:10:00+00:00,39.01150312383621,0.2585175107626789
740,1751872800,-0.659,2025-07-07 07:20:00+00:00,37.03978460480444,2.1891855523460437
741,1751873400,-0.672,2025-07-07 07:30:00+00:00,35.030776667998985,4.250311461056695
742,1751874000,-0.683,2025-07-07 07:40:00+00:00,32.98856718163809,6.365323080007104
743,1751874600,-0.692,2025-07-07 07:50:00+00:00,30.916776145981878,8.506210870628108
744,1751875200,-0.698,2025-07-07 08:00:00+00:00,28.81859667446732,10.661601714177985
745,1751875800,-0.702,2025-07-07 08:10:00+00:00,26.696875248431017,12.82605878007741
746,1751876400,-0.703,2025-07-07 08:20:00+00:00,24.554157820886097,14.996984888894483
747,1751877000,-0.703,2025-07-07 08:30:00+00:00,22.3927581184139,17.17137219607346
748,1751877600,-0.699,2025-07-07 08:40:00+00:00,20.21480545248818,19.347876861895138
749,1751878200,-0.694,2025-07-07 08:50:00+00:00,18.022314728914083,21.525687801395584
750,1751878800,-0.686,2025-07-07 09:00:00+00:00,15.8172940233076,23.703657542794232
751,1751879400,-0.676,2025-07-07 09:10:00+00:00,13.600507463082122,25.88069837846576
752,1751880000,-0.664,2025-07-07 09:20:00+00:00,11.376324661759169,28.055714063048377
753,1751880600,-0.65,2025-07-07 09:30:00+00:00,9.147292426125505,30.227572492687155
754,1751881200,-0.633,2025-07-07 09:40:00+00:00,6.9187481221306735,32.395064723899004
755,1751881800,-0.615,2025-07-07 09:50:00+00:00,4.701380568938923,34.55686740753223
756,1751882400,-0.594,2025-07-07 10:00:00+00:00,2.5216578168011083,36.711525713293625
757,1751883000,-0.572,2025-07-07 10:10:00+00:00,0.4555802877464623,38.85739356559321
758,1751883600,-0.549,2025-07-07 10:20:00+00:00,-1.325282842277026,40.99260973788217
759,1751884200,-0.524,2025-07-07 10:30:00+00:00,-3.256546684463342,43.11503296585569
760,1751884800,-0.497,2025-07-07 10:40:00+00:00,-6.823402523298704,45.22218047575047
761,1751885400,-0.47,2025-07-07 10:50:00+00:00,-9.184211306136715,47.31114602207469
762,1751886000,-0.442,2025-07-07 11:00:00+00:00,-11.48569477339129,49.378494019675806
763,1751886600,-0.413,2025-07-07 11:10:00+00:00,-13.789878726688958,51.42014343052475
764,1751887200,-0.384,2025-07-07 11:20:00+00:00,-16.09616893957193,53.43120042408122
765,1751887800,-0.355,2025-07-07 11:30:00+00:00,-18.40396862426147,55.405753471618546
766,1751888400,-0.325,2025-07-07 11:40:00+00:00,-20.71267330901604,57.336630874508224
767,1751889000,-0.296,2025-07-07 11:50:00+00:00,-23.021661446621167,59.215083160423475
768,1751889600,-0.268,2025-07-07 12:00:00+00:00,-25.330284169105695,61.030397177651125
769,1751890200,-0.239,2025-07-07 12:10:00+00:00,-27.63785845755263,62.76946579317392
770,1751890800,-0.212,2025-07-07 12:20:00+00:00,-29.94364494398431,64.41627904357736
771,1751891400,-0.186,2025-07-07 12:30:00+00:00,-32.246842788720556,65.95145968218611
772,1751892000,-0.16,2025-07-07 12:40:00+00:00,-34.54656748226385,67.3519284997947
773,1751892600,-0.136,2025-07-07 12:50:00+00:00,-36.84183206227913,68.59089066428916
774,1751893200,-0.113,2025-07-07 13:00:00+00:00,-39.13151637774251,69.63858704145575
775,1751893800,-0.091,2025-07-07 13:10:00+00:00,-41.41433293799543,70.46400857246263
776,1751894400,-0.071,2025-07-07 13:20:00+00:00,-43.6887825165151,71.0379698589863
777,1751895000,-0.052,2025-07-07 13:30:00+00:00,-45.953113169779385,71.3371936163354
778,1751895600,-0.034,2025-07-07 13:40:00+00:00,-48.20522802971311,71.34847708884426
779,1751896200,-0.017,2025-07-07 13:50:00+00:00,-50.4426135867017,71.07141046516269
780,1751896800,-0.002,2025-07-07 14:00:00+00:00,-52.66219625561865,70.5184520103368
781,1751897400,0.012,2025-07-07 14:10:00+00:00,-54.86020235694753,69.71238723543775
782,1751898000,0.025,2025-07-07 14:20:00+00:00,-57.03191564506645,68.68221029349223
783,1751898600,0.037,2025-07-07 14:30:00+00:00,-59.171404100681244,67.45895756408879
784,1751899200,0.048,2025-07-07 14:40:00+00:00,-61.27109304400238,66.07262040787296
785,1751899800,0.058,2025-07-07 14:50:00+00:00,-63.32122213470589,64.55025320414715
786,1751900400,0.066,2025-07-07 15:00:00+00:00,-65.30909405112475,62.915242520629505
787,1751901000,0.074,2025-07-07 15:10:00+00:00,-67.21809094300829,61.18723881156213
788,1751901600,0.08,2025-07-07 15:20:00+00:00,-69.0263288842558,59.382484266791316
789,1751902200,0.086,2025-07-07 15:30:00+00:00,-70.70518255205577,57.51430458538777
790,1751902800,0.091,2025-07-07 15:40:00+00:00,-72.21767330224174,55.59357001341556
791,1751903400,0.094,2025-07-07 15:50:00+00:00,-73.51771101829446,53.62916662698487
792,1751904000,0.098,2025-07-07 16:00:00+00:00,-74.55135769633834,51.62837882284552
793,1751904600,0.1,2025-07-07 16:10:00+00:00,-75.26229159647745,49.59721033727796
794,1751905200,0.102,2025-07-07 16:20:00+00:00,-75.6025238096033,47.54063013290336
795,1751905800,0.103,2025-07-07 16:30:00+00:00,-75.54580591873552,45.46278413454793
796,1751906400,0.103,2025-07-07 16:40:00+00:00,-75.09665950910465,43.36715915378295
797,1751907000,0.104,2025-07-07 16:50:00+00:00,-74.28876424350803,41.25670924742447
798,1751907600,0.104,2025-07-07 17:00:00+00:00,-73.17381782377349,39.13395817037079
799,1751908200,0.104,2025-07-07 17:10:00+00:00,-71.80830591433703,37.00108133787256
800,1751908800,0.104,2025-07-07 17:20:00+00:00,-70.24429504724165,34.85997754251906
801,1751909400,0.104,2025-07-07 17:30:00+00:00,-68.52530035768953,32.71231335046776
802,1751910000,0.104,2025-07-07 17:40:00+00:00,-66.68578015004334,30.55958457314689
803,1751910600,0.104,2025-07-07 17:50:00+00:00,-64.75229702998531,28.40312992763378
804,1751911200,0.105,2025-07-07 18:00:00+00:00,-62.74509567821532,26.244185678168204
805,1751911800,0.107,2025-07-07 18:10:00+00:00,-60.67955768074425,24.083907834267183
806,1751912400,0.109,2025-07-07 18:20:00+00:00,-58.56747194407954,21.92340630167084
807,1751913000,0.112,2025-07-07 18:30:00+00:00,-56.41789871415523,19.763780740835557
808,1751913600,0.116,2025-07-07 18:40:00+00:00,-54.237903821667665,17.6061752084473
809,1751914200,0.12,2025-07-07 18:50:00+00:00,-52.03303679531751,15.451810600820217
810,1751914800,0.125,2025-07-07 19:00:00+00:00,-49.807723597686916,13.300830351926875
811,1751915400,0.132,2025-07-07 19:10:00+00:00,-47.5655159271443,11.157123400725949
812,1751916000,0.139,2025-07-07 19:20:00+00:00,-45.30931319899233,9.02262610584714
813,1751916600,0.147,2025-07-07 19:30:00+00:00,-43.04150256434591,6.901915974694823
814,1751917200,0.156,2025-07-07 19:40:00+00:00,-40.76407160825354,4.804019529143997
815,1751917800,0.165,2025-07-07 19:50:00+00:00,-38.47869372706186,2.75003543698424
816,1751918400,0.176,2025-07-07 20:00:00+00:00,-36.18680667559115,0.7959637788902529
817,1751919000,0.188,2025-07-07 20:10:00+00:00,-33.88963647279744,-0.9269834557571995
818,1751919600,0.2,2025-07-07 20:20:00+00:00,-31.588269118758756,-2.4179717032189068
819,1751920200,0.213,2025-07-07 20:30:00+00:00,-29.283654009769734,-5.779537882256484
820,1751920800,0.227,2025-07-07 20:40:00+00:00,-26.976656872307665,-8.04888018682427
821,1751921400,0.242,2025-07-07 20:50:00+00:00,-24.66804951774877,-10.133783478139618
822,1751922000,0.257,2025-07-07 21:00:00+00:00,-22.358555946145064,-12.201879381454855
823,1751922600,0.274,2025-07-07 21:10:00+00:00,-20.048847223582502,-14.256285878126095
824,1751923200,0.29,2025-07-07 21:20:00+00:00,-17.73956197274848,-16.295748774666993
825,1751923800,0.307,2025-07-07 21:30:00+00:00,-15.43131320312101,-18.31889691060167
826,1751924400,0.325,2025-07-07 21:40:00+00:00,-13.124700263799754,-20.324238743370124
827,1751925000,0.343,2025-07-07 21:50:00+00:00,-10.82031738124251,-22.31012648983509
828,1751925600,0.361,2025-07-07 22:00:00+00:00,-8.51875792813342,-24.274755272508386
829,1751926200,0.38,2025-07-07 22:10:00+00:00,-6.084846484382408,-26.2161255535105
830,1751926800,0.398,2025-07-07 22:20:00+00:00,-2.472914812119547,-28.132029474192223
831,1751927400,0.417,2025-07-07 22:30:00+00:00,-0.8460979543675284,-30.02001670418881
832,1751928000,0.435,2025-07-07 22:40:00+00:00,1.0372800185172102,-31.877370535757887
833,1751928600,0.453,2025-07-07 22:50:00+00:00,3.1511472606165247,-33.701065195097144
834,1751929200,0.47,2025-07-07 23:00:00+00:00,5.347753386608964,-35.48774364422952
835,1751929800,0.486,2025-07-07 23:10:00+00:00,7.571498628938215,-37.233676599868176
836,1751930400,0.502,2025-07-07 23:20:00+00:00,9.802459539238761,-38.93471130699776
837,1751931000,0.516,2025-07-07 23:30:00+00:00,12.03209880793491,-40.58625787849601
838,1751931600,0.529,2025-07-07 23:40:00+00:00,14.255885458286002,-42.18323123852587
839,1751932200,0.541,2025-07-07 23:50:00+00:00,16.471451975970986,-43.72003063196791
840,1751932800,0.551,2025-07-08 00:00:00+00:00,18.674918813541293,-45.19051571875829
841,1751933400,0.559,2025-07-08 00:10:00+00:00,20.865375848290014,-46.58801340407793
842,1751934000,0.564,2025-07-08 00:20:00+00:00,23.04083378762139,-47.905304177974095
843,1751934600,0.568,2025-07-08 00:30:00+00:00,25.199262357804635,-49.134693832346784
844,1751935200,0.569,2025-07-08 00:40:00+00:00,27.338491266230967,-50.26808517793495
845,1751935800,0.568,2025-07-08 00:50:00+00:00,29.45616068254216,-51.297104402816146
846,1751936400,0.564,2025-07-08 01:00:00+00:00,31.54964781409692,-52.21328207241956
847,1751937000,0.558,2025-07-08 01:10:00+00:00,33.6160259248359,-53.00829218614695
848,1751937600,0.549,2025-07-08 01:20:00+00:00,35.651992618295395,-53.67423904531778
849,1751938200,0.537,2025-07-08 01:30:00+00:00,37.65381861118858,-54.203964611681876
850,1751938800,0.523,2025-07-08 01:40:00+00:00,39.61726235604089,-54.59141050744543
851,1751939400,0.506,2025-07-08 01:50:00+00:00,41.53750856948744,-54.83191171340534
852,1751940000,0.487,2025-07-08 02:00:00+00:00,43.40907260962474,-54.92249368217805
853,1751940600,0.465,2025-07-08 02:10:00+00:00,45.22571851374054,-54.86202943255051
854,1751941200,0.442,2025-07-08 02:20:00+00:00,46.98037703604389,-54.65132492684479
855,1751941800,0.415,2025-07-08 02:30:00+00:00,48.665032949543786,-54.293064429404694
856,1751942400,0.387,2025-07-08 02:40:00+00:00,50.270684064914136,-53.7916499971503
857,1751943000,0.357,2025-07-08 02:50:00+00:00,51.787269513507525,-53.15294193238948
858,1751943600,0.325,2025-07-08 03:00:00+00:00,53.20369365301726,-52.38394800921067
859,1751944200,0.292,2025-07-08 03:10:00+00:00,54.50787729389618,-51.49247513383519
860,1751944800,0.256,2025-07-08 03:20:00+00:00,55.68695235974797,-50.48682540119919
861,1751945400,0.22,2025-07-08 03:30:00+00:00,56.72755558546151,-49.375478491157246
862,1751946000,0.182,2025-07-08 03:40:00+00:00,57.61627247950689,-48.16686285714515
863,1751946600,0.142,2025-07-08 03:50:00+00:00,58.34027253152824,-46.86915082050482
864,1751947200,0.102,2025-07-08 04:00:00+00:00,58.88801272182825,-45.49013562707924
865,1751947800,0.061,2025-07-08 04:10:00+00:00,59.2500400685956,-44.03714265475326
866,1751948400,0.019,2025-07-08 04:20:00+00:00,59.41974294871374,-42.51695769646727
867,1751949000,-0.024,2025-07-08 04:30:00+00:00,59.39391117327275,-40.935837205501024
868,1751949600,-0.067,2025-07-08 04:40:00+00:00,59.173036515892875,-39.29948780490604
869,1751950200,-0.111,2025-07-08 04:50:00+00:00,58.76126490140032,-37.61309360826239
870,1751950800,-0.154,2025-07-08 05:00:00+00:00,58.16602074542288,-35.881350370624425
871,1751951400,-0.198,2025-07-08 05:10:00+00:00,57.39737174679715,-34.10849280927757
872,1751952000,-0.241,2025-07-08 05:20:00+00:00,56.467280981854415,-32.29834241506245
873,1751952600,-0.284,2025-07-08 05:30:00+00:00,55.38879752700399,-30.45432794294241
874,1751953200,-0.326,2025-07-08 05:40:00+00:00,54.1753734398162,-28.579543468611458
875,1751953800,-0.367,2025-07-08 05:50:00+00:00,52.840279777848394,-26.67677400170367
876,1751954400,-0.408,2025-07-08 06:00:00+00:00,51.39619678729469,-24.748524514097152
877,1751955000,-0.446,2025-07-08 06:10:00+00:00,49.85495777089214,-22.797060921049052
878,1751955600,-0.484,2025-07-08 06:20:00+00:00,48.2273919935698,-20.82442886421579
879,1751956200,-0.52,2025-07-08 06:30:00+00:00,46.523276871124544,-18.832484447504317
880,1751956800,-0.554,2025-07-08 06:40:00+00:00,44.75134480041023,-16.822914727639624
881,1751957400,-0.586,2025-07-08 06:50:00+00:00,42.91935487632399,-14.797253082090384
882,1751958000,-0.616,2025-07-08 07:00:00+00:00,41.03415436350877,-12.756911652467492
883,1751958600,-0.644,2025-07-08 07:10:00+00:00,39.10176407371793,-10.703179636976792
884,1751959200,-0.669,2025-07-08 07:20:00+00:00,37.12748764884199,-8.637252318723034
885,1751959800,-0.692,2025-07-08 07:30:00+00:00,35.11598327789489,-6.467708896326065
886,1751960400,-0.713,2025-07-08 07:40:00+00:00,33.07134224418948,-3.048880759164628
887,1751961000,-0.731,2025-07-08 07:50:00+00:00,30.99717771779668,-1.3775284533423344
888,1751961600,-0.747,2025-07-08 08:00:00+00:00,28.896693057437243,0.23864587578532018
889,1751962200,-0.76,2025-07-08 08:10:00+00:00,26.77272279161672,2.1262086468775876
890,1751962800,-0.77,2025-07-08 08:20:00+00:00,24.627814580895517,4.143019861366373
891,1751963400,-0.777,2025-07-08 08:30:00+00:00,22.464273614118518,6.2143195502891695
892,1751964000,-0.782,2025-07-08 08:40:00+00:00,20.284225787664894,8.31214812083512
893,1751964600,-0.785,2025-07-08 08:50:00+00:00,18.089679177150625,10.424975786798417
894,1751965200,-0.784,2025-07-08 09:00:00+00:00,15.882633320455234,12.547221429853517
895,1751965800,-0.782,2025-07-08 09:10:00+00:00,13.663858321407638,14.67587549789738
896,1751966400,-0.776,2025-07-08 09:20:00+00:00,11.437668298242345,16.808760868132065
897,1751967000,-0.768,2025-07-08 09:30:00+00:00,9.206592128499555,18.943401596983446
898,1751967600,-0.757,2025-07-08 09:40:00+00:00,6.975886496519239,21.079261514601672
899,1751968200,-0.744,2025-07-08 09:50:00+00:00,4.7560408653192425,23.215090696368634
900,1751968800,-0.729,2025-07-08 10:00:00+00:00,2.572928631805809,25.349692151632286
901,1751969400,-0.711,2025-07-08 10:10:00+00:00,0.5008028101585581,27.481865474646
902,1751970000,-0.692,2025-07-08 10:20:00+00:00,-1.2896356581119062,29.610362448338954
903,1751970600,-0.67,2025-07-08 10:30:00+00:00,-3.1627630645171894,31.733858016012164
904,1751971200,-0.646,2025-07-08 10:40:00+00:00,-6.7722747153797505,33.850899054919715
905,1751971800,-0.62,2025-07-08 10:50:00+00:00,-9.138682972676703,35.959897546079574
906,1751972400,-0.593,2025-07-08 11:00:00+00:00,-11.441948265531005,38.05907081011837
907,1751973000,-0.564,2025-07-08 11:10:00+00:00,-13.74792770480674,40.14640052613636
908,1751973600,-0.534,2025-07-08 11:20:00+00:00,-16.05603304046164,42.219595165667016
909,1751974200,-0.503,2025-07-08 11:30:00+00:00,-18.36567175358521,44.27600120021778
910,1751974800,-0.471,2025-07-08 11:40:00+00:00,-20.676247910172364,46.31254845975673
911,1751975400,-0.438,2025-07-08 11:50:00+00:00,-22.987146793197798,48.32564084968585
912,1751976000,-0.405,2025-07-08 12:00:00+00:00,-25.297726364879537,50.31104706781433
913,1751976600,-0.372,2025-07-08 12:10:00+00:00,-27.607308728942453,52.26375717038596
914,1751977200,-0.339,2025-07-08 12:20:00+00:00,-29.915169885334528,54.17779132678238
915,1751977800,-0.306,2025-07-08 12:30:00+00:00,-32.22051582456474,56.04600857422637
916,1751978400,-0.274,2025-07-08 12:40:00+00:00,-34.522480820155806,57.859837025309545
917,1751979000,-0.243,2025-07-08 12:50:00+00:00,-36.820081324867225,59.60898016985811
918,1751979600,-0.212,2025-07-08 13:00:00+00:00,-39.11222109333722,61.28107195037976
919,1751980200,-0.183,2025-07-08 13:10:00+00:00,-41.39762629528558,62.861379648834784
920,1751980800,-0.155,2025-07-08 13:20:00+00:00,-43.67482502494618,64.33247262246131
921,1751981400,-0.128,2025-07-08 13:30:00+00:00,-45.94208241426982,65.67409936037023
922,1751982000,-0.102,2025-07-08 13:40:00+00:00,-48.19734257631633,66.86334457789617
923,1751982600,-0.078,2025-07-08 13:50:00+00:00,-50.438122737322416,67.87529857513609
924,1751983200,-0.056,2025-07-08 14:00:00+00:00,-52.661393708391174,68.68441644459415
925,1751983800,-0.035,2025-07-08 14:10:00+00:00,-54.86342620623578,69.26675154304026
926,1751984400,-0.015,2025-07-08 14:20:00+00:00,-57.0395791173152,69.60273537850236
927,1751985000,0.002,2025-07-08 14:30:00+00:00,-59.18398530913241,69.68008727085275
928,1751985600,0.019,2025-07-08 14:40:00+00:00,-61.28915206416789,69.49589755950502
929,1751986200,0.034,2025-07-08 14:50:00+00:00,-63.34544198550276,69.05716718835842
930,1751986800,0.047,2025-07-08 15:00:00+00:00,-65.34026020430751,68.37953046042311
931,1751987400,0.059,2025-07-08 15:10:00+00:00,-67.25711181373657,67.4847825093406
932,1751988000,0.07,2025-07-08 15:20:00+00:00,-69.0742290009051,66.3978671859598
933,1751988600,0.08,2025-07-08 15:30:00+00:00,-70.76304791470413,65.14431573739819
934,1751989200,0.088,2025-07-08 15:40:00+00:00,-72.28654892983215,63.748348014452645
935,1751989800,0.095,2025-07-08 15:50:00+00:00,-73.59836189201397,62.23183428284554
936,1751990400,0.102,2025-07-08 16:00:00+00:00,-74.64392725015952,60.613878581685405
937,1751991000,0.107,2025-07-08 16:10:00+00:00,-75.3659192265649,58.91076408195356
938,1751991600,0.111,2025-07-08 16:20:00+00:00,-75.7150648365576,57.13623312426005
939,1751992200,0.114,2025-07-08 16:30:00+00:00,-75.66405015364678,55.30174335093759
940,1751992800,0.116,2025-07-08 16:40:00+00:00,-75.21702110265862,53.41685361172961
941,1751993400,0.118,2025-07-08 16:50:00+00:00,-74.4080534973623,51.4895108317354
942,1751994000,0.119,2025-07-08 17:00:00+00:00,-73.28971930379943,49.52635736992283
943,1751994600,0.119,2025-07-08 17:10:00+00:00,-71.91947407326815,47.532949585181676
944,1751995200,0.119,2025-07-08 17:20:00+00:00,-70.35009467748516,45.51396615709342
945,1751995800,0.118,2025-07-08 17:30:00+00:00,-68.62560168565116,43.473358350092894
946,1751996400,0.118,2025-07-08 17:40:00+00:00,-66.78074027007403,41.414503692724686
947,1751997000,0.117,2025-07-08 17:50:00+00:00,-64.84218914965184,39.3402913550077
948,1751997600,0.116,2025-07-08 18:00:00+00:00,-62.83025447678704,37.253224601272755
949,1751998200,0.115,2025-07-08 18:10:00+00:00,-60.76033832805799,35.15547884677049
950,1751998800,0.114,2025-07-08 18:20:00+00:00,-58.64418862883713,33.048980204846856
951,1751999400,0.114,2025-07-08 18:30:00+00:00,-56.49085196468013,30.935425977510597
952,1752000000,0.115,2025-07-08 18:40:00+00:00,-54.30735660024294,28.816356372419555
953,1752000600,0.116,2025-07-08 18:50:00+00:00,-52.09923157365869,26.693173285900873
954,1752001200,0.118,2025-07-08 19:00:00+00:00,-49.87086186637452,24.567169331254973
955,1752001800,0.12,2025-07-08 19:10:00+00:00,-47.625778686191325,22.43958077272163
956,1752002400,0.124,2025-07-08 19:20:00+00:00,-45.36686095784427,20.311599478311013
957,1752003000,0.128,2025-07-08 19:30:00+00:00,-43.09647192678618,18.184442929242675
958,1752003600,0.134,2025-07-08 19:40:00+00:00,-40.816578687498016,16.05939690862787
959,1752004200,0.14,2025-07-08 19:50:00+00:00,-38.528847806137264,13.93667571365181
960,1752004800,0.148,2025-07-08 20:00:00+00:00,-36.23468971676753,11.819822504946437
961,1752005400,0.157,2025-07-08 20:10:00+00:00,-33.93532702325024,9.710558490182592
962,1752006000,0.167,2025-07-08 20:20:00+00:00,-31.631828650190513,7.6126419809510795
963,1752006600,0.178,2025-07-08 20:30:00+00:00,-29.32514057878839,5.532959515482561
964,1752007200,0.19,2025-07-08 20:40:00+00:00,-27.016111460048243,3.4864531998034987
965,1752007800,0.203,2025-07-08 20:50:00+00:00,-24.705511397798997,1.5107901398043377
966,1752008400,0.217,2025-07-08 21:00:00+00:00,-22.394054146808912,-0.29648525169831047
967,1752009000,0.232,2025-07-08 21:10:00+00:00,-20.082403942974775,-1.8127236679849235
968,1752009600,0.248,2025-07-08 21:20:00+00:00,-17.771190871247516,-4.536868632589996
969,1752010200,0.264,2025-07-08 21:30:00+00:00,-15.461022818463272,-7.117012292036866
970,1752010800,0.282,2025-07-08 21:40:00+00:00,-13.152495718627122,-9.218387865196167
971,1752011400,0.3,2025-07-08 21:50:00+00:00,-10.846195260460396,-11.264098677280334
972,1752012000,0.319,2025-07-08 22:00:00+00:00,-8.542708840231716,-13.29648293652016
973,1752012600,0.338,2025-07-08 22:10:00+00:00,-6.1101527621441285,-15.314279619240132
974,1752013200,0.358,2025-07-08 22:20:00+00:00,-2.4894752460924776,-17.31612610270083
975,1752013800,0.378,2025-07-08 22:30:00+00:00,-0.8595272802145371,-19.300533405663195
976,1752014400,0.398,2025-07-08 22:40:00+00:00,1.022981657820023,-21.265879358199346
977,1752015000,0.418,2025-07-08 22:50:00+00:00,3.137801497865143,-23.210384696030495
978,1752015600,0.438,2025-07-08 23:00:00+00:00,5.336134381057127,-25.132092569959436
979,1752016200,0.458,2025-07-08 23:10:00+00:00,7.5618825763604836,-27.028849762850317
980,1752016800,0.478,2025-07-08 23:20:00+00:00,9.794983043418535,-28.898274246230102
981,1752017400,0.497,2025-07-08 23:30:00+00:00,12.026855783973279,-30.737736397268332
982,1752018000,0.516,2025-07-08 23:40:00+00:00,14.25296384486853,-32.54432484783129
983,1752018600,0.534,2025-07-08 23:50:00+00:00,16.470938004235943,-34.31481916372532
984,1752019200,0.55,2025-07-09 00:00:00+00:00,18.676904691042473,-36.045650571109086
985,1752019800,0.565,2025-07-09 00:10:00+00:00,20.869958905223093,-37.73286780554773
986,1752020400,0.579,2025-07-09 00:20:00+00:00,23.04812501456038,-39.37211662144538
987,1752021000,0.591,2025-07-09 00:30:00+00:00,25.209377867965422,-40.958588565626336
988,1752021600,0.601,2025-07-09 00:40:00+00:00,27.351560833207788,-42.48701073205135
989,1752022200,0.609,2025-07-09 00:50:00+00:00,29.472324325212995,-43.95161502596636
990,1752022800,0.615,2025-07-09 01:00:00+00:00,31.569059211718095,-45.346148409186206
991,1752023400,0.618,2025-07-09 01:10:00+00:00,33.63885241704208,-46.66386265481091
992,1752024000,0.619,2025-07-09 01:20:00+00:00,35.67841862019418,-47.89757240383364
993,1752024600,0.617,2025-07-09 01:30:00+00:00,37.68403195298214,-49.03971322174859
994,1752025200,0.612,2025-07-09 01:40:00+00:00,39.651474773593485,-50.08245429667234
995,1752025800,0.604,2025-07-09 01:50:00+00:00,41.57593862885252,-51.01783845822183
996,1752026400,0.594,2025-07-09 02:00:00+00:00,43.45195936742325,-51.83800415866238
997,1752027000,0.58,2025-07-09 02:10:00+00:00,45.27330444168802,-52.5354074540557
998,1752027600,0.564,2025-07-09 02:20:00+00:00,47.03290802095046,-53.10310545711048
999,1752028200,0.545,2025-07-09 02:30:00+00:00,48.72276170840873,-53.5350671107896
1000,1752028800,0.523,2025-07-09 02:40:00+00:00,50.333842824169245,-53.82643956568776
1001,1752029400,0.498,2025-07-09 02:50:00+00:00,51.8560836693954,-53.973828217787464
1002,1752030000,0.471,2025-07-09 03:00:00+00:00,53.27834079045633,-53.97547770847202
1003,1752030600,0.442,2025-07-09 03:10:00+00:00,54.58849060157525,-53.83137096226851
1004,1752031200,0.41,2025-07-09 03:20:00+00:00,55.77358306408583,-53.543242847226104
1005,1752031800,0.376,2025-07-09 03:30:00+00:00,56.820152460039374,-53.1144674767948
1006,1752032400,0.341,2025-07-09 03:40:00+00:00,57.71467501487926,-52.54986696452862
1007,1752033000,0.303,2025-07-09 03:50:00+00:00,58.444159708804136,-51.85546553727552
1008,1752033600,0.264,2025-07-09 04:00:00+00:00,58.99693374852244,-51.038195837043055
